ISO 8601 Time,Speed (cm/s),Heading (degrees),Velocity-N (cm/s),Velocity-E (cm/s)
2023-09-11T14:00:00.000,3.73,257.59,-0.80,-3.64
2023-09-11T14:10:00.000,3.45,239.55,-1.75,-2.97
2023-09-11T14:20:00.000,4.01,249.04,-1.43,-3.74
2023-09-11T14:30:00.000,3.46,242.61,-1.59,-3.07
2023-09-11T14:40:00.000,2.63,225.88,-1.83,-1.89
2023-09-11T14:50:00.000,3.42,245.14,-1.44,-3.11
2023-09-11T15:00:00.000,3.45,266.36,-0.22,-3.45
2023-09-11T15:10:00.000,2.97,225.36,-2.08,-2.11
2023-09-11T15:20:00.000,3.10,198.70,-2.94,-0.99
2023-09-11T15:30:00.000,2.52,34.84,2.07,1.44
2023-09-11T15:40:00.000,2.25,359.08,2.25,-0.04
2023-09-11T15:50:00.000,3.37,117.84,-1.58,2.98
2023-09-11T16:00:00.000,2.43,183.08,-2.43,-0.13
2023-09-11T16:10:00.000,2.61,152.98,-2.33,1.19
2023-09-11T16:20:00.000,2.98,165.83,-2.89,0.73
2023-09-11T16:30:00.000,1.68,185.79,-1.68,-0.17
2023-09-11T16:40:00.000,1.85,316.59,1.34,-1.27
2023-09-11T16:50:00.000,2.32,216.77,-1.86,-1.39
2023-09-11T17:00:00.000,2.37,215.78,-1.93,-1.39
2023-09-11T17:10:00.000,1.45,320.26,1.12,-0.93
2023-09-11T17:20:00.000,0.61,313.32,0.42,-0.44
2023-09-11T17:30:00.000,2.40,5.74,2.39,0.24
2023-09-11T17:40:00.000,3.35,255.67,-0.83,-3.24
2023-09-11T17:50:00.000,2.99,283.43,0.69,-2.91
2023-09-11T18:00:00.000,2.64,268.67,-0.06,-2.64
2023-09-11T18:10:00.000,2.37,103.93,-0.57,2.30
2023-09-11T18:20:00.000,2.92,228.00,-1.95,-2.17
2023-09-11T18:30:00.000,1.89,216.07,-1.53,-1.11
2023-09-11T18:40:00.000,2.31,218.34,-1.81,-1.43
2023-09-11T18:50:00.000,2.09,232.51,-1.27,-1.66
2023-09-11T19:00:00.000,0.96,191.67,-0.94,-0.19
2023-09-11T19:10:00.000,3.21,281.15,0.62,-3.15
2023-09-11T19:20:00.000,2.86,345.11,2.76,-0.73
2023-09-11T19:30:00.000,3.55,324.31,2.88,-2.07
2023-09-11T19:40:00.000,3.39,331.79,2.98,-1.60
2023-09-11T19:50:00.000,2.50,234.08,-1.46,-2.02
2023-09-11T20:00:00.000,1.95,243.63,-0.87,-1.75
2023-09-11T20:10:00.000,3.12,214.35,-2.58,-1.76
2023-09-11T20:20:00.000,1.90,160.70,-1.80,0.63
2023-09-11T20:30:00.000,3.84,221.82,-2.86,-2.56
2023-09-11T20:40:00.000,0.90,136.72,-0.65,0.62
2023-09-11T20:50:00.000,0.68,157.33,-0.63,0.26
2023-09-11T21:00:00.000,4.12,210.30,-3.56,-2.08
2023-09-11T21:10:00.000,1.94,184.55,-1.94,-0.15
2023-09-11T21:20:00.000,1.99,229.98,-1.28,-1.52
2023-09-11T21:30:00.000,2.16,261.02,-0.34,-2.14
2023-09-11T21:40:00.000,2.44,270.23,0.01,-2.44
2023-09-11T21:50:00.000,3.53,213.91,-2.93,-1.97
2023-09-11T22:00:00.000,5.45,317.98,4.05,-3.65
2023-09-11T22:10:00.000,6.30,322.95,5.03,-3.80
2023-09-11T22:20:00.000,6.38,313.58,4.40,-4.62
2023-09-11T22:30:00.000,4.29,341.25,4.07,-1.38
2023-09-11T22:40:00.000,2.13,74.69,0.56,2.05
2023-09-11T22:50:00.000,2.32,55.36,1.32,1.91
2023-09-11T23:00:00.000,4.34,80.34,0.73,4.27
2023-09-11T23:10:00.000,2.93,99.63,-0.49,2.89
2023-09-11T23:20:00.000,4.36,137.59,-3.22,2.94
2023-09-11T23:30:00.000,4.09,149.62,-3.53,2.07
2023-09-11T23:40:00.000,3.82,127.53,-2.33,3.03
2023-09-11T23:50:00.000,5.70,130.03,-3.66,4.36
2023-09-12T00:00:00.000,13.69,86.25,0.90,13.66
2023-09-12T00:10:00.000,5.79,152.21,-5.12,2.70
2023-09-12T00:20:00.000,2.93,234.46,-1.70,-2.38
2023-09-12T00:30:00.000,4.91,143.31,-3.94,2.93
2023-09-12T00:40:00.000,3.97,130.27,-2.57,3.03
2023-09-12T00:50:00.000,4.92,3.70,4.91,0.32
2023-09-12T01:00:00.000,4.37,355.97,4.36,-0.31
2023-09-12T01:10:00.000,4.15,346.85,4.04,-0.94
2023-09-12T01:20:00.000,6.52,335.22,5.92,-2.73
2023-09-12T01:30:00.000,7.64,329.18,6.57,-3.92
2023-09-12T01:40:00.000,4.70,331.59,4.13,-2.23
2023-09-12T01:50:00.000,4.53,276.08,0.48,-4.50
2023-09-12T02:00:00.000,3.19,286.22,0.89,-3.06
2023-09-12T02:10:00.000,2.75,266.60,-0.16,-2.74
2023-09-12T02:20:00.000,4.12,284.59,1.04,-3.99
2023-09-12T02:30:00.000,3.96,263.20,-0.47,-3.93
2023-09-12T02:40:00.000,2.14,245.56,-0.88,-1.94
2023-09-12T02:50:00.000,1.45,233.50,-0.86,-1.16
2023-09-12T03:00:00.000,2.38,203.69,-2.18,-0.96
2023-09-12T03:10:00.000,0.33,80.38,0.05,0.32
2023-09-12T03:20:00.000,2.12,93.83,-0.14,2.11
2023-09-12T03:30:00.000,1.99,205.73,-1.80,-0.87
2023-09-12T03:40:00.000,0.51,154.77,-0.47,0.22
2023-09-12T03:50:00.000,2.26,159.83,-2.12,0.78
2023-09-12T04:00:00.000,2.43,179.36,-2.43,0.03
2023-09-12T04:10:00.000,2.14,195.72,-2.06,-0.58
2023-09-12T04:20:00.000,2.16,187.80,-2.14,-0.29
2023-09-12T04:30:00.000,2.83,307.57,1.73,-2.25
2023-09-12T04:40:00.000,2.79,257.95,-0.58,-2.73
2023-09-12T04:50:00.000,1.58,314.84,1.11,-1.12
2023-09-12T05:00:00.000,3.14,327.55,2.65,-1.68
2023-09-12T05:10:00.000,3.40,314.88,2.40,-2.41
2023-09-12T05:20:00.000,3.07,313.93,2.13,-2.21
2023-09-12T05:30:00.000,1.92,295.12,0.81,-1.74
2023-09-12T05:40:00.000,2.15,274.67,0.17,-2.14
2023-09-12T05:50:00.000,3.32,293.80,1.34,-3.04
2023-09-12T06:00:00.000,3.37,284.04,0.82,-3.27
2023-09-12T06:10:00.000,3.44,309.54,2.19,-2.65
2023-09-12T06:20:00.000,3.88,279.15,0.62,-3.83
2023-09-12T06:30:00.000,2.93,256.56,-0.68,-2.85
2023-09-12T06:40:00.000,3.55,204.01,-3.24,-1.44
2023-09-12T06:50:00.000,3.79,189.04,-3.74,-0.60
2023-09-12T07:00:00.000,3.75,188.20,-3.71,-0.53
2023-09-12T07:10:00.000,3.93,153.22,-3.51,1.77
2023-09-12T07:20:00.000,2.55,139.08,-1.93,1.67
2023-09-12T07:30:00.000,4.98,158.89,-4.64,1.79
2023-09-12T07:40:00.000,5.30,153.13,-4.73,2.40
2023-09-12T07:50:00.000,3.96,189.13,-3.91,-0.63
2023-09-12T08:00:00.000,3.37,235.99,-1.89,-2.80
2023-09-12T08:10:00.000,2.60,262.15,-0.36,-2.58
2023-09-12T08:20:00.000,3.05,282.09,0.64,-2.99
2023-09-12T08:30:00.000,2.99,292.18,1.13,-2.77
2023-09-12T08:40:00.000,6.31,323.85,5.09,-3.72
2023-09-12T08:50:00.000,7.93,341.52,7.52,-2.51
2023-09-12T09:00:00.000,4.23,339.32,3.96,-1.49
2023-09-12T09:10:00.000,3.31,258.05,-0.69,-3.24
2023-09-12T09:20:00.000,5.03,256.71,-1.16,-4.89
2023-09-12T09:30:00.000,3.26,178.32,-3.26,0.10
2023-09-12T09:40:00.000,2.65,210.45,-2.28,-1.34
2023-09-12T09:50:00.000,1.37,177.93,-1.37,0.05
2023-09-12T10:00:00.000,1.37,331.72,1.21,-0.65
2023-09-12T10:10:00.000,2.50,352.89,2.48,-0.31
2023-09-12T10:20:00.000,2.52,266.76,-0.14,-2.52
2023-09-12T10:30:00.000,0.88,102.04,-0.18,0.86
2023-09-12T10:40:00.000,3.06,114.97,-1.29,2.78
2023-09-12T10:50:00.000,3.59,213.21,-3.01,-1.97
2023-09-12T11:00:00.000,3.77,174.90,-3.75,0.34
2023-09-12T11:10:00.000,2.95,193.21,-2.87,-0.67
2023-09-12T11:20:00.000,3.95,148.90,-3.38,2.04
2023-09-12T11:30:00.000,5.37,140.50,-4.15,3.42
2023-09-12T11:40:00.000,6.41,119.37,-3.14,5.58
2023-09-12T11:50:00.000,3.99,84.37,0.39,3.98
2023-09-12T12:00:00.000,5.45,58.97,2.81,4.67
2023-09-12T12:10:00.000,7.25,6.35,7.20,0.80
2023-09-12T12:20:00.000,3.08,344.66,2.97,-0.81
2023-09-12T12:30:00.000,6.49,154.30,-5.85,2.82
2023-09-12T12:40:00.000,8.20,146.24,-6.82,4.56
2023-09-12T12:50:00.000,9.57,117.29,-4.39,8.51
2023-09-12T13:00:00.000,9.70,109.17,-3.18,9.16
2023-09-12T13:10:00.000,9.70,87.40,0.44,9.69
2023-09-12T13:20:00.000,10.90,90.50,-0.10,10.90
2023-09-12T13:30:00.000,8.82,77.29,1.94,8.60
2023-09-12T13:40:00.000,1.55,314.49,1.08,-1.10
2023-09-12T13:50:00.000,8.84,328.09,7.51,-4.67
2023-09-12T14:00:00.000,5.45,319.43,4.14,-3.55
2023-09-12T14:10:00.000,2.79,284.69,0.71,-2.70
2023-09-12T14:20:00.000,2.79,287.64,0.85,-2.66
2023-09-12T14:30:00.000,4.47,297.60,2.07,-3.96
2023-09-12T14:40:00.000,3.72,267.61,-0.15,-3.71
2023-09-12T14:50:00.000,4.76,243.56,-2.12,-4.26
2023-09-12T15:00:00.000,4.46,237.68,-2.38,-3.77
2023-09-12T15:10:00.000,3.95,233.55,-2.35,-3.18
2023-09-12T15:20:00.000,3.06,227.87,-2.06,-2.27
2023-09-12T15:30:00.000,1.69,275.02,0.15,-1.68
2023-09-12T15:40:00.000,1.78,175.77,-1.78,0.13
2023-09-12T15:50:00.000,2.14,178.16,-2.14,0.07
2023-09-12T16:00:00.000,1.35,50.85,0.85,1.04
2023-09-12T16:10:00.000,0.81,153.52,-0.73,0.36
2023-09-12T16:20:00.000,0.61,199.40,-0.57,-0.20
2023-09-12T16:30:00.000,1.99,298.56,0.95,-1.75
2023-09-12T16:40:00.000,3.84,320.10,2.95,-2.46
2023-09-12T16:50:00.000,2.70,188.91,-2.67,-0.42
2023-09-12T17:00:00.000,1.93,230.78,-1.22,-1.49
2023-09-12T17:10:00.000,3.07,290.88,1.09,-2.87
2023-09-12T17:20:00.000,2.25,296.63,1.01,-2.01
2023-09-12T17:30:00.000,3.74,318.61,2.80,-2.47
2023-09-12T17:40:00.000,3.86,323.88,3.12,-2.28
2023-09-12T17:50:00.000,2.73,311.02,1.79,-2.06
2023-09-12T18:00:00.000,2.39,313.89,1.66,-1.72
2023-09-12T18:10:00.000,2.11,329.87,1.83,-1.06
2023-09-12T18:20:00.000,3.03,274.22,0.22,-3.02
2023-09-12T18:30:00.000,3.01,306.75,1.80,-2.41
2023-09-12T18:40:00.000,1.91,303.23,1.05,-1.60
2023-09-12T18:50:00.000,1.18,276.44,0.13,-1.17
2023-09-12T19:00:00.000,1.39,147.22,-1.17,0.75
2023-09-12T19:10:00.000,3.50,297.81,1.63,-3.09
2023-09-12T19:20:00.000,4.75,348.37,4.65,-0.96
2023-09-12T19:30:00.000,5.51,322.04,4.34,-3.39
2023-09-12T19:40:00.000,5.17,316.87,3.77,-3.54
2023-09-12T19:50:00.000,2.44,309.57,1.55,-1.88
2023-09-12T20:00:00.000,4.49,320.65,3.47,-2.85
2023-09-12T20:10:00.000,2.15,228.45,-1.43,-1.61
2023-09-12T20:20:00.000,2.27,260.82,-0.36,-2.24
2023-09-12T20:30:00.000,1.33,328.49,1.13,-0.69
2023-09-12T20:40:00.000,1.97,171.84,-1.95,0.28
2023-09-12T20:50:00.000,5.26,145.55,-4.34,2.98
2023-09-12T21:00:00.000,6.49,144.48,-5.28,3.77
2023-09-12T21:10:00.000,5.26,153.05,-4.69,2.38
2023-09-12T21:20:00.000,2.96,149.93,-2.56,1.48
2023-09-12T21:30:00.000,0.98,144.18,-0.79,0.57
2023-09-12T21:40:00.000,2.22,305.63,1.29,-1.80
2023-09-12T21:50:00.000,1.44,84.00,0.15,1.44
2023-09-12T22:00:00.000,2.25,7.80,2.23,0.31
2023-09-12T22:10:00.000,2.71,17.79,2.58,0.83
2023-09-12T22:20:00.000,5.22,339.33,4.88,-1.84
2023-09-12T22:30:00.000,2.40,352.81,2.38,-0.30
2023-09-12T22:40:00.000,2.35,16.41,2.26,0.66
2023-09-12T22:50:00.000,2.52,3.12,2.52,0.14
2023-09-12T23:00:00.000,2.20,174.87,-2.19,0.20
2023-09-12T23:10:00.000,2.56,147.35,-2.15,1.38
2023-09-12T23:20:00.000,1.88,105.09,-0.49,1.82
2023-09-12T23:30:00.000,2.71,133.35,-1.86,1.97
2023-09-12T23:40:00.000,2.81,241.10,-1.36,-2.46
2023-09-12T23:50:00.000,2.80,216.32,-2.26,-1.66
2023-09-13T00:00:00.000,7.32,145.06,-6.00,4.19
2023-09-13T00:10:00.000,7.85,140.85,-6.09,4.96
2023-09-13T00:20:00.000,5.60,145.17,-4.60,3.20
2023-09-13T00:30:00.000,4.69,131.68,-3.12,3.50
2023-09-13T00:40:00.000,2.09,279.89,0.36,-2.06
2023-09-13T00:50:00.000,6.11,124.85,-3.49,5.01
2023-09-13T01:00:00.000,5.51,114.04,-2.24,5.03
2023-09-13T01:10:00.000,7.33,118.46,-3.49,6.44
2023-09-13T01:20:00.000,1.68,58.06,0.89,1.43
2023-09-13T01:30:00.000,1.64,111.76,-0.61,1.52
2023-09-13T01:40:00.000,4.81,155.38,-4.38,2.01
2023-09-13T01:50:00.000,3.39,317.36,2.49,-2.30
2023-09-13T02:00:00.000,5.66,329.00,4.85,-2.91
2023-09-13T02:10:00.000,6.12,331.11,5.36,-2.96
2023-09-13T02:20:00.000,5.48,310.08,3.53,-4.19
2023-09-13T02:30:00.000,2.68,295.43,1.15,-2.42
2023-09-13T02:40:00.000,4.04,299.29,1.98,-3.53
2023-09-13T02:50:00.000,3.30,268.01,-0.11,-3.30
2023-09-13T03:00:00.000,2.51,275.58,0.24,-2.50
2023-09-13T03:10:00.000,2.91,322.71,2.32,-1.76
2023-09-13T03:20:00.000,4.58,334.46,4.13,-1.97
2023-09-13T03:30:00.000,3.36,333.52,3.00,-1.50
2023-09-13T03:40:00.000,3.11,321.38,2.43,-1.94
2023-09-13T03:50:00.000,3.00,220.02,-2.30,-1.93
2023-09-13T04:00:00.000,1.95,247.13,-0.76,-1.80
2023-09-13T04:10:00.000,2.42,213.87,-2.01,-1.35
2023-09-13T04:20:00.000,3.67,164.46,-3.53,0.98
2023-09-13T04:30:00.000,0.09,63.19,0.04,0.08
2023-09-13T04:40:00.000,1.54,118.64,-0.74,1.35
2023-09-13T04:50:00.000,2.04,279.10,0.32,-2.02
2023-09-13T05:00:00.000,2.05,246.30,-0.82,-1.88
2023-09-13T05:10:00.000,1.26,1.88,1.26,0.04
2023-09-13T05:20:00.000,1.58,253.85,-0.44,-1.52
2023-09-13T05:30:00.000,2.16,282.63,0.47,-2.11
2023-09-13T05:40:00.000,4.25,330.07,3.68,-2.12
2023-09-13T05:50:00.000,1.41,280.30,0.25,-1.38
2023-09-13T06:00:00.000,2.11,306.19,1.25,-1.70
2023-09-13T06:10:00.000,2.73,296.79,1.23,-2.44
2023-09-13T06:20:00.000,3.30,298.99,1.60,-2.89
2023-09-13T06:30:00.000,2.82,307.19,1.71,-2.25
2023-09-13T06:40:00.000,2.44,241.13,-1.18,-2.13
2023-09-13T06:50:00.000,3.07,275.74,0.31,-3.05
2023-09-13T07:00:00.000,1.76,268.23,-0.05,-1.76
2023-09-13T07:10:00.000,2.62,277.03,0.32,-2.60
2023-09-13T07:20:00.000,1.69,318.66,1.27,-1.12
2023-09-13T07:30:00.000,2.12,309.46,1.35,-1.64
2023-09-13T07:40:00.000,1.68,325.86,1.39,-0.94
2023-09-13T07:50:00.000,2.50,151.04,-2.19,1.21
2023-09-13T08:00:00.000,4.02,186.44,-4.00,-0.45
2023-09-13T08:10:00.000,4.21,158.14,-3.90,1.57
2023-09-13T08:20:00.000,3.39,187.83,-3.36,-0.46
2023-09-13T08:30:00.000,3.58,217.20,-2.85,-2.17
2023-09-13T08:40:00.000,4.18,231.26,-2.62,-3.26
2023-09-13T08:50:00.000,4.35,281.98,0.90,-4.25
2023-09-13T09:00:00.000,3.15,290.92,1.13,-2.94
2023-09-13T09:10:00.000,5.30,328.65,4.52,-2.76
2023-09-13T09:20:00.000,4.57,349.38,4.49,-0.84
2023-09-13T09:30:00.000,4.69,350.17,4.62,-0.80
2023-09-13T09:40:00.000,2.27,206.91,-2.03,-1.03
2023-09-13T09:50:00.000,4.53,157.20,-4.17,1.75
2023-09-13T10:00:00.000,3.16,146.84,-2.64,1.73
2023-09-13T10:10:00.000,2.55,117.98,-1.20,2.25
2023-09-13T10:20:00.000,4.09,147.50,-3.45,2.20
2023-09-13T10:30:00.000,2.39,129.50,-1.52,1.84
2023-09-13T10:40:00.000,3.85,166.70,-3.75,0.89
2023-09-13T10:50:00.000,3.11,158.94,-2.90,1.12
2023-09-13T11:00:00.000,5.46,193.19,-5.32,-1.25
2023-09-13T11:10:00.000,2.75,179.08,-2.75,0.04
2023-09-13T11:20:00.000,2.33,174.72,-2.32,0.21
2023-09-13T11:30:00.000,2.69,94.92,-0.23,2.68
2023-09-13T11:40:00.000,1.66,101.23,-0.32,1.63
2023-09-13T11:50:00.000,4.33,184.81,-4.31,-0.36
2023-09-13T12:00:00.000,5.33,354.08,5.30,-0.55
2023-09-13T12:10:00.000,3.85,64.98,1.63,3.49
2023-09-13T12:20:00.000,3.01,105.07,-0.78,2.90
2023-09-13T12:30:00.000,3.89,79.66,0.70,3.83
2023-09-13T12:40:00.000,6.87,106.84,-1.99,6.57
2023-09-13T12:50:00.000,11.73,105.97,-3.23,11.28
2023-09-13T13:00:00.000,4.64,108.04,-1.44,4.42
2023-09-13T13:10:00.000,5.64,127.90,-3.46,4.45
2023-09-13T13:20:00.000,6.87,102.53,-1.49,6.70
2023-09-13T13:30:00.000,4.42,140.19,-3.40,2.83
2023-09-13T13:40:00.000,5.48,196.97,-5.24,-1.60
2023-09-13T13:50:00.000,1.37,191.51,-1.35,-0.27
2023-09-13T14:00:00.000,1.98,320.96,1.54,-1.25
2023-09-13T14:10:00.000,4.97,340.23,4.68,-1.68
2023-09-13T14:20:00.000,0.75,42.12,0.56,0.50
2023-09-13T14:30:00.000,1.36,352.48,1.35,-0.18
2023-09-13T14:40:00.000,5.38,335.85,4.91,-2.20
2023-09-13T14:50:00.000,5.53,333.83,4.97,-2.44
2023-09-13T15:00:00.000,5.31,308.00,3.27,-4.19
2023-09-13T15:10:00.000,4.87,269.66,-0.03,-4.87
2023-09-13T15:20:00.000,4.75,248.37,-1.75,-4.42
2023-09-13T15:30:00.000,4.97,291.41,1.82,-4.63
2023-09-13T15:40:00.000,6.11,302.62,3.29,-5.15
2023-09-13T15:50:00.000,2.55,283.54,0.60,-2.47
2023-09-13T16:00:00.000,1.90,291.76,0.70,-1.76
2023-09-13T16:10:00.000,3.04,235.48,-1.72,-2.50
2023-09-13T16:20:00.000,2.21,143.83,-1.78,1.30
2023-09-13T16:30:00.000,3.48,183.03,-3.48,-0.18
2023-09-13T16:40:00.000,1.80,283.96,0.43,-1.75
2023-09-13T16:50:00.000,2.26,150.19,-1.96,1.12
2023-09-13T17:00:00.000,3.20,240.44,-1.58,-2.78
2023-09-13T17:10:00.000,1.94,309.98,1.25,-1.49
2023-09-13T17:20:00.000,2.28,0.49,2.28,0.02
2023-09-13T17:30:00.000,3.52,288.44,1.11,-3.34
2023-09-13T17:40:00.000,1.91,267.01,-0.10,-1.90
2023-09-13T17:50:00.000,3.27,181.64,-3.27,-0.09
2023-09-13T18:00:00.000,2.40,204.30,-2.19,-0.99
2023-09-13T18:10:00.000,1.64,322.37,1.30,-1.00
2023-09-13T18:20:00.000,3.31,342.18,3.15,-1.01
2023-09-13T18:30:00.000,3.32,270.41,0.02,-3.32
2023-09-13T18:40:00.000,1.05,240.36,-0.52,-0.91
2023-09-13T18:50:00.000,5.35,291.64,1.97,-4.97
2023-09-13T19:00:00.000,2.87,241.02,-1.39,-2.51
2023-09-13T19:10:00.000,2.30,274.43,0.18,-2.30
2023-09-13T19:20:00.000,1.53,219.37,-1.18,-0.97
2023-09-13T19:30:00.000,2.97,233.04,-1.79,-2.38
2023-09-13T19:40:00.000,3.62,269.35,-0.04,-3.62
2023-09-13T19:50:00.000,3.82,224.77,-2.71,-2.69
2023-09-13T20:00:00.000,3.91,228.91,-2.57,-2.95
2023-09-13T20:10:00.000,2.99,244.31,-1.30,-2.70
2023-09-13T20:20:00.000,1.57,241.32,-0.75,-1.37
2023-09-13T20:30:00.000,2.67,170.71,-2.63,0.43
2023-09-13T20:40:00.000,3.61,248.90,-1.30,-3.37
2023-09-13T20:50:00.000,2.89,203.37,-2.65,-1.15
2023-09-13T21:00:00.000,4.70,260.71,-0.76,-4.64
2023-09-13T21:10:00.000,0.71,87.95,0.03,0.71
2023-09-13T21:20:00.000,3.15,331.47,2.77,-1.50
2023-09-13T21:30:00.000,4.77,357.34,4.77,-0.22
2023-09-13T21:40:00.000,6.49,283.61,1.53,-6.31
2023-09-13T21:50:00.000,3.20,216.76,-2.56,-1.91
2023-09-13T22:00:00.000,2.48,226.78,-1.70,-1.81
2023-09-13T22:10:00.000,4.09,226.39,-2.82,-2.96
2023-09-13T22:20:00.000,4.50,155.25,-4.08,1.88
2023-09-13T22:30:00.000,7.08,154.10,-6.37,3.09
2023-09-13T22:40:00.000,7.66,129.95,-4.92,5.87
2023-09-13T22:50:00.000,3.93,158.80,-3.67,1.42
2023-09-13T23:00:00.000,4.25,200.68,-3.98,-1.50
2023-09-13T23:10:00.000,2.04,218.19,-1.60,-1.26
2023-09-13T23:20:00.000,3.22,288.18,1.01,-3.06
2023-09-13T23:30:00.000,3.43,303.38,1.89,-2.86
2023-09-13T23:40:00.000,4.45,325.76,3.68,-2.50
2023-09-13T23:50:00.000,4.08,300.67,2.08,-3.51
2023-09-14T00:00:00.000,3.70,15.97,3.56,1.02
2023-09-14T00:10:00.000,6.24,37.73,4.93,3.82
2023-09-14T00:20:00.000,7.08,98.70,-1.07,6.99
2023-09-14T00:30:00.000,10.86,95.65,-1.07,10.81
2023-09-14T00:40:00.000,7.34,77.56,1.58,7.17
2023-09-14T00:50:00.000,7.47,95.12,-0.67,7.44
2023-09-14T01:00:00.000,11.39,90.74,-0.15,11.39
2023-09-14T01:10:00.000,4.11,144.35,-3.34,2.40
2023-09-14T01:20:00.000,13.05,114.46,-5.40,11.88
2023-09-14T01:30:00.000,8.70,97.93,-1.20,8.61
2023-09-14T01:40:00.000,10.47,109.93,-3.57,9.85
2023-09-14T01:50:00.000,6.81,92.30,-0.27,6.80
2023-09-14T02:00:00.000,6.60,87.84,0.25,6.60
2023-09-14T02:10:00.000,3.53,123.84,-1.97,2.93
2023-09-14T02:20:00.000,3.24,158.18,-3.00,1.20
2023-09-14T02:30:00.000,3.39,276.60,0.39,-3.37
2023-09-14T02:40:00.000,3.18,347.62,3.11,-0.68
2023-09-14T02:50:00.000,3.83,322.01,3.02,-2.36
2023-09-14T03:00:00.000,4.81,331.72,4.24,-2.28
2023-09-14T03:10:00.000,5.18,326.01,4.29,-2.89
2023-09-14T03:20:00.000,2.80,318.27,2.09,-1.86
2023-09-14T03:30:00.000,6.74,327.36,5.68,-3.64
2023-09-14T03:40:00.000,5.77,340.19,5.43,-1.96
2023-09-14T03:50:00.000,6.08,350.04,5.99,-1.05
2023-09-14T04:00:00.000,6.12,355.13,6.10,-0.52
2023-09-14T04:10:00.000,4.17,347.79,4.07,-0.88
2023-09-14T04:20:00.000,2.37,290.23,0.82,-2.22
2023-09-14T04:30:00.000,0.51,274.76,0.04,-0.51
2023-09-14T04:40:00.000,2.40,346.48,2.33,-0.56
2023-09-14T04:50:00.000,1.19,144.66,-0.97,0.69
2023-09-14T05:00:00.000,2.29,215.06,-1.87,-1.31
2023-09-14T05:10:00.000,4.82,222.96,-3.52,-3.28
2023-09-14T05:20:00.000,1.90,273.87,0.13,-1.90
2023-09-14T05:30:00.000,1.04,265.58,-0.08,-1.04
2023-09-14T05:40:00.000,2.56,281.40,0.51,-2.51
2023-09-14T05:50:00.000,2.30,189.40,-2.27,-0.38
2023-09-14T06:00:00.000,1.70,186.80,-1.69,-0.20
2023-09-14T06:10:00.000,1.30,62.98,0.59,1.16
2023-09-14T06:20:00.000,1.46,233.72,-0.87,-1.18
2023-09-14T06:30:00.000,0.77,193.54,-0.75,-0.18
2023-09-14T06:40:00.000,2.97,264.78,-0.27,-2.95
2023-09-14T06:50:00.000,0.86,265.14,-0.07,-0.86
2023-09-14T07:00:00.000,3.64,314.92,2.57,-2.58
2023-09-14T07:10:00.000,5.32,319.78,4.07,-3.44
2023-09-14T07:20:00.000,4.97,321.37,3.88,-3.10
2023-09-14T07:30:00.000,3.08,308.93,1.93,-2.39
2023-09-14T07:40:00.000,3.46,310.31,2.24,-2.64
2023-09-14T07:50:00.000,3.36,301.07,1.74,-2.88
2023-09-14T08:00:00.000,5.12,267.55,-0.22,-5.12
2023-09-14T08:10:00.000,1.46,239.60,-0.74,-1.26
2023-09-14T08:20:00.000,5.05,262.14,-0.69,-5.00
2023-09-14T08:30:00.000,2.01,196.28,-1.93,-0.56
2023-09-14T08:40:00.000,3.05,279.98,0.53,-3.00
2023-09-14T08:50:00.000,3.43,310.99,2.25,-2.59
2023-09-14T09:00:00.000,2.53,165.05,-2.44,0.65
2023-09-14T09:10:00.000,5.58,168.62,-5.47,1.10
2023-09-14T09:20:00.000,1.56,180.96,-1.56,-0.03
2023-09-14T09:30:00.000,2.93,206.20,-2.63,-1.29
2023-09-14T09:40:00.000,5.66,177.94,-5.66,0.20
2023-09-14T09:50:00.000,4.82,175.71,-4.81,0.36
2023-09-14T10:00:00.000,5.69,149.43,-4.90,2.89
2023-09-14T10:10:00.000,3.86,147.34,-3.25,2.08
2023-09-14T10:20:00.000,5.59,128.01,-3.44,4.40
2023-09-14T10:30:00.000,3.45,86.14,0.23,3.44
2023-09-14T10:40:00.000,5.03,84.17,0.51,5.00
2023-09-14T10:50:00.000,4.88,85.01,0.42,4.86
2023-09-14T11:00:00.000,5.29,90.59,-0.05,5.29
2023-09-14T11:10:00.000,2.84,81.74,0.41,2.81
2023-09-14T11:20:00.000,4.34,234.85,-2.50,-3.55
2023-09-14T11:30:00.000,4.93,230.01,-3.17,-3.77
2023-09-14T11:40:00.000,1.06,250.13,-0.36,-0.99
2023-09-14T11:50:00.000,4.79,168.13,-4.69,0.99
2023-09-14T12:00:00.000,2.82,198.30,-2.68,-0.89
2023-09-14T12:10:00.000,5.20,175.06,-5.18,0.45
2023-09-14T12:20:00.000,6.75,146.20,-5.61,3.76
2023-09-14T12:30:00.000,7.66,153.50,-6.86,3.42
2023-09-14T12:40:00.000,5.27,156.89,-4.85,2.07
2023-09-14T12:50:00.000,5.57,160.41,-5.25,1.87
2023-09-14T13:00:00.000,4.92,140.32,-3.79,3.14
2023-09-14T13:10:00.000,0.92,41.99,0.68,0.61
2023-09-14T13:20:00.000,6.09,70.33,2.05,5.73
2023-09-14T13:30:00.000,12.12,106.84,-3.51,11.60
2023-09-14T13:40:00.000,8.22,75.87,2.01,7.97
2023-09-14T13:50:00.000,7.20,45.73,5.02,5.15
2023-09-14T14:00:00.000,6.42,63.27,2.89,5.73
2023-09-14T14:10:00.000,4.33,34.17,3.58,2.43
2023-09-14T14:20:00.000,5.02,41.74,3.75,3.34
2023-09-14T14:30:00.000,7.04,103.77,-1.68,6.84
2023-09-14T14:40:00.000,7.40,119.63,-3.66,6.44
2023-09-14T14:50:00.000,6.33,90.20,-0.02,6.33
2023-09-14T15:00:00.000,6.86,97.01,-0.84,6.81
2023-09-14T15:10:00.000,10.06,110.69,-3.56,9.41
2023-09-14T15:20:00.000,3.91,68.01,1.46,3.62
2023-09-14T15:30:00.000,5.82,128.15,-3.59,4.57
2023-09-14T15:40:00.000,2.44,278.20,0.35,-2.41
2023-09-14T15:50:00.000,2.70,182.49,-2.70,-0.12
2023-09-14T16:00:00.000,5.95,179.13,-5.95,0.09
2023-09-14T16:10:00.000,5.50,270.19,0.02,-5.50
2023-09-14T16:20:00.000,3.38,248.99,-1.21,-3.15
2023-09-14T16:30:00.000,5.60,163.28,-5.36,1.61
2023-09-14T16:40:00.000,4.68,150.81,-4.09,2.28
2023-09-14T16:50:00.000,6.23,132.82,-4.24,4.57
2023-09-14T17:00:00.000,2.37,231.03,-1.49,-1.84
2023-09-14T17:10:00.000,2.35,239.66,-1.19,-2.03
2023-09-14T17:20:00.000,1.51,36.20,1.22,0.89
2023-09-14T17:30:00.000,2.61,160.76,-2.46,0.86
2023-09-14T17:40:00.000,0.57,320.76,0.44,-0.36
2023-09-14T17:50:00.000,2.89,316.54,2.10,-1.99
2023-09-14T18:00:00.000,3.42,182.13,-3.41,-0.13
2023-09-14T18:10:00.000,2.26,316.60,1.64,-1.55
2023-09-14T18:20:00.000,2.49,280.83,0.47,-2.44
2023-09-14T18:30:00.000,2.42,295.30,1.04,-2.19
2023-09-14T18:40:00.000,3.90,319.75,2.98,-2.52
2023-09-14T18:50:00.000,1.71,229.53,-1.11,-1.30
2023-09-14T19:00:00.000,3.28,301.02,1.69,-2.81
2023-09-14T19:10:00.000,2.75,242.48,-1.27,-2.44
2023-09-14T19:20:00.000,3.31,176.63,-3.30,0.19
2023-09-14T19:30:00.000,1.38,201.56,-1.29,-0.51
2023-09-14T19:40:00.000,3.31,319.08,2.50,-2.17
2023-09-14T19:50:00.000,1.74,189.26,-1.71,-0.28
2023-09-14T20:00:00.000,3.01,242.62,-1.38,-2.67
2023-09-14T20:10:00.000,3.58,186.38,-3.55,-0.40
2023-09-14T20:20:00.000,2.64,240.89,-1.28,-2.31
2023-09-14T20:30:00.000,3.28,284.95,0.85,-3.17
2023-09-14T20:40:00.000,6.69,265.01,-0.58,-6.66
2023-09-14T20:50:00.000,5.13,287.98,1.58,-4.88
2023-09-14T21:00:00.000,5.46,259.82,-0.96,-5.37
2023-09-14T21:10:00.000,3.32,242.27,-1.54,-2.94
2023-09-14T21:20:00.000,7.07,171.43,-6.99,1.05
2023-09-14T21:30:00.000,4.67,184.87,-4.66,-0.40
2023-09-14T21:40:00.000,5.69,192.78,-5.55,-1.26
2023-09-14T21:50:00.000,3.08,343.53,2.96,-0.87
2023-09-14T22:00:00.000,1.55,269.88,-0.00,-1.55
2023-09-14T22:10:00.000,3.61,288.70,1.16,-3.42
2023-09-14T22:20:00.000,4.87,220.90,-3.68,-3.19
2023-09-14T22:30:00.000,6.34,160.11,-5.96,2.16
2023-09-14T22:40:00.000,3.99,294.28,1.64,-3.64
2023-09-14T22:50:00.000,2.76,323.76,2.23,-1.63
2023-09-14T23:00:00.000,5.33,272.24,0.21,-5.33
2023-09-14T23:10:00.000,4.33,264.88,-0.39,-4.31
2023-09-14T23:20:00.000,4.63,307.31,2.81,-3.68
2023-09-14T23:30:00.000,6.02,342.48,5.74,-1.81
2023-09-14T23:40:00.000,2.84,346.69,2.77,-0.65
2023-09-14T23:50:00.000,3.57,116.57,-1.60,3.20
2023-09-15T00:00:00.000,4.23,189.03,-4.18,-0.66
2023-09-15T00:10:00.000,7.75,183.78,-7.73,-0.51
2023-09-15T00:20:00.000,1.78,304.54,1.01,-1.47
2023-09-15T00:30:00.000,9.56,359.78,9.56,-0.04
2023-09-15T00:40:00.000,5.16,97.05,-0.63,5.12
2023-09-15T00:50:00.000,5.61,144.62,-4.58,3.25
2023-09-15T01:00:00.000,5.41,137.23,-3.97,3.67
2023-09-15T01:10:00.000,4.79,107.75,-1.46,4.56
2023-09-15T01:20:00.000,9.24,91.87,-0.30,9.23
2023-09-15T01:30:00.000,6.04,95.65,-0.59,6.01
2023-09-15T01:40:00.000,7.48,90.00,-0.00,7.48
2023-09-15T01:50:00.000,10.75,67.08,4.19,9.90
2023-09-15T02:00:00.000,9.09,82.39,1.20,9.01
2023-09-15T02:10:00.000,4.25,60.41,2.10,3.69
2023-09-15T02:20:00.000,6.23,112.88,-2.42,5.74
2023-09-15T02:30:00.000,5.33,68.23,1.98,4.95
2023-09-15T02:40:00.000,5.54,90.40,-0.04,5.54
2023-09-15T02:50:00.000,4.08,71.69,1.28,3.88
2023-09-15T03:00:00.000,3.35,61.27,1.61,2.94
2023-09-15T03:10:00.000,4.34,56.95,2.37,3.64
2023-09-15T03:20:00.000,5.67,57.27,3.06,4.77
2023-09-15T03:30:00.000,9.87,84.53,0.94,9.83
2023-09-15T03:40:00.000,3.88,118.33,-1.84,3.41
2023-09-15T03:50:00.000,4.08,308.60,2.55,-3.19
2023-09-15T04:00:00.000,2.06,350.70,2.04,-0.33
2023-09-15T04:10:00.000,5.25,279.24,0.84,-5.18
2023-09-15T04:20:00.000,5.30,266.09,-0.36,-5.29
2023-09-15T04:30:00.000,2.81,307.89,1.73,-2.22
2023-09-15T04:40:00.000,2.42,233.89,-1.43,-1.96
2023-09-15T04:50:00.000,2.21,332.60,1.96,-1.02
2023-09-15T05:00:00.000,4.52,123.22,-2.48,3.78
2023-09-15T05:10:00.000,6.19,100.20,-1.10,6.09
2023-09-15T05:20:00.000,5.39,91.77,-0.17,5.39
2023-09-15T05:30:00.000,3.01,97.30,-0.38,2.98
2023-09-15T05:40:00.000,2.79,133.66,-1.93,2.02
2023-09-15T05:50:00.000,5.53,295.76,2.40,-4.98
2023-09-15T06:00:00.000,1.96,313.21,1.34,-1.43
2023-09-15T06:10:00.000,4.50,304.52,2.55,-3.70
2023-09-15T06:20:00.000,2.45,209.27,-2.14,-1.20
2023-09-15T06:30:00.000,1.87,220.87,-1.41,-1.22
2023-09-15T06:40:00.000,1.15,228.36,-0.77,-0.86
2023-09-15T06:50:00.000,2.17,146.22,-1.80,1.21
2023-09-15T07:00:00.000,3.59,0.06,3.59,0.00
2023-09-15T07:10:00.000,5.26,133.73,-3.64,3.80
2023-09-15T07:20:00.000,4.44,189.86,-4.37,-0.76
2023-09-15T07:30:00.000,5.49,315.43,3.91,-3.85
2023-09-15T07:40:00.000,5.40,316.80,3.93,-3.70
2023-09-15T07:50:00.000,4.05,324.00,3.27,-2.38
2023-09-15T08:00:00.000,7.92,343.29,7.58,-2.28
2023-09-15T08:10:00.000,2.86,300.68,1.46,-2.46
2023-09-15T08:20:00.000,3.43,293.62,1.37,-3.14
2023-09-15T08:30:00.000,6.80,294.91,2.86,-6.17
2023-09-15T08:40:00.000,4.11,239.12,-2.11,-3.52
2023-09-15T08:50:00.000,3.91,242.67,-1.80,-3.48
2023-09-15T09:00:00.000,4.04,295.85,1.76,-3.64
2023-09-15T09:10:00.000,5.97,291.61,2.20,-5.55
2023-09-15T09:20:00.000,4.55,285.94,1.25,-4.38
2023-09-15T09:30:00.000,3.36,283.85,0.81,-3.27
2023-09-15T09:40:00.000,4.80,253.27,-1.38,-4.60
2023-09-15T09:50:00.000,2.71,281.05,0.52,-2.66
2023-09-15T10:00:00.000,3.93,256.52,-0.92,-3.83
2023-09-15T10:10:00.000,3.36,268.03,-0.12,-3.36
2023-09-15T10:20:00.000,5.88,151.06,-5.15,2.85
2023-09-15T10:30:00.000,8.23,157.30,-7.59,3.18
2023-09-15T10:40:00.000,3.19,211.53,-2.71,-1.67
2023-09-15T10:50:00.000,6.24,147.25,-5.24,3.37
2023-09-15T11:00:00.000,5.88,142.35,-4.66,3.59
2023-09-15T11:10:00.000,8.38,175.48,-8.36,0.66
2023-09-15T11:20:00.000,9.69,132.28,-6.52,7.17
2023-09-15T11:30:00.000,6.60,197.17,-6.30,-1.95
2023-09-15T11:40:00.000,5.57,153.46,-4.99,2.49
2023-09-15T11:50:00.000,3.04,79.05,0.58,2.98
2023-09-15T12:00:00.000,8.99,142.06,-7.09,5.53
2023-09-15T12:10:00.000,4.19,332.84,3.72,-1.91
2023-09-15T12:20:00.000,8.73,181.61,-8.72,-0.25
2023-09-15T12:30:00.000,1.84,331.18,1.62,-0.89
2023-09-15T12:40:00.000,8.80,309.42,5.59,-6.80
2023-09-15T12:50:00.000,5.09,232.65,-3.09,-4.04
2023-09-15T13:00:00.000,5.55,179.97,-5.55,0.00
2023-09-15T13:10:00.000,5.37,209.97,-4.65,-2.68
2023-09-15T13:20:00.000,5.54,163.49,-5.31,1.57
2023-09-15T13:30:00.000,5.91,153.78,-5.30,2.61
2023-09-15T13:40:00.000,8.98,146.78,-7.51,4.92
2023-09-15T13:50:00.000,2.23,177.11,-2.23,0.11
2023-09-15T14:00:00.000,4.09,206.31,-3.67,-1.81
2023-09-15T14:10:00.000,4.44,145.88,-3.68,2.49
2023-09-15T14:20:00.000,6.61,314.10,4.60,-4.75
2023-09-15T14:30:00.000,5.77,152.66,-5.12,2.65
2023-09-15T14:40:00.000,6.48,102.52,-1.40,6.32
2023-09-15T14:50:00.000,7.21,48.44,4.78,5.39
2023-09-15T15:00:00.000,5.67,124.17,-3.19,4.69
2023-09-15T15:10:00.000,10.10,63.62,4.49,9.05
2023-09-15T15:20:00.000,13.79,61.85,6.50,12.16
2023-09-15T15:30:00.000,10.78,45.91,7.50,7.74
2023-09-15T15:40:00.000,9.43,88.20,0.30,9.43
2023-09-15T15:50:00.000,5.63,99.34,-0.91,5.56
2023-09-15T16:00:00.000,6.78,245.12,-2.85,-6.15
2023-09-15T16:10:00.000,5.67,246.16,-2.29,-5.18
2023-09-15T16:20:00.000,1.79,239.06,-0.92,-1.53
2023-09-15T16:30:00.000,4.17,217.36,-3.32,-2.53
2023-09-15T16:40:00.000,5.45,223.43,-3.96,-3.75
2023-09-15T16:50:00.000,6.83,306.37,4.05,-5.50
2023-09-15T17:00:00.000,3.79,278.08,0.53,-3.75
2023-09-15T17:10:00.000,5.41,312.76,3.68,-3.97
2023-09-15T17:20:00.000,5.16,174.14,-5.14,0.53
2023-09-15T17:30:00.000,7.61,115.85,-3.32,6.85
2023-09-15T17:40:00.000,7.63,126.44,-4.53,6.14
2023-09-15T17:50:00.000,6.29,134.99,-4.44,4.45
2023-09-15T18:00:00.000,6.71,325.04,5.50,-3.85
2023-09-15T18:10:00.000,7.88,321.31,6.15,-4.93
2023-09-15T18:20:00.000,8.52,314.07,5.93,-6.12
2023-09-15T18:30:00.000,7.51,295.20,3.20,-6.80
2023-09-15T18:40:00.000,6.97,303.09,3.81,-5.84
2023-09-15T18:50:00.000,3.95,327.59,3.33,-2.12
2023-09-15T19:00:00.000,3.97,328.19,3.37,-2.09
2023-09-15T19:10:00.000,5.31,343.62,5.10,-1.50
2023-09-15T19:20:00.000,6.00,335.00,5.44,-2.54
2023-09-15T19:30:00.000,8.18,342.22,7.79,-2.50
2023-09-15T19:40:00.000,4.72,8.66,4.67,0.71
2023-09-15T19:50:00.000,4.79,5.41,4.76,0.45
2023-09-15T20:00:00.000,5.81,346.54,5.65,-1.35
2023-09-15T20:10:00.000,6.53,7.79,6.47,0.88
2023-09-15T20:20:00.000,8.67,336.85,7.97,-3.41
2023-09-15T20:30:00.000,9.60,339.90,9.01,-3.30
2023-09-15T20:40:00.000,9.08,333.37,8.11,-4.07
2023-09-15T20:50:00.000,3.28,247.64,-1.25,-3.04
2023-09-15T21:00:00.000,6.12,320.62,4.73,-3.88
2023-09-15T21:10:00.000,7.72,285.03,2.00,-7.45
2023-09-15T21:20:00.000,10.19,304.51,5.77,-8.40
2023-09-15T21:30:00.000,10.09,292.30,3.83,-9.34
2023-09-15T21:40:00.000,6.40,261.56,-0.94,-6.33
2023-09-15T21:50:00.000,9.63,257.62,-2.06,-9.41
2023-09-15T22:00:00.000,12.33,239.58,-6.24,-10.63
2023-09-15T22:10:00.000,8.62,200.44,-8.08,-3.01
2023-09-15T22:20:00.000,9.58,206.06,-8.60,-4.21
2023-09-15T22:30:00.000,8.89,145.48,-7.33,5.04
2023-09-15T22:40:00.000,7.68,154.92,-6.95,3.26
2023-09-15T22:50:00.000,6.91,222.40,-5.11,-4.66
2023-09-15T23:00:00.000,3.39,202.98,-3.12,-1.32
2023-09-15T23:10:00.000,4.92,213.87,-4.08,-2.74
2023-09-15T23:20:00.000,2.85,105.37,-0.76,2.75
2023-09-15T23:30:00.000,5.69,249.45,-2.00,-5.32
2023-09-15T23:40:00.000,4.09,132.26,-2.75,3.02
2023-09-15T23:50:00.000,4.16,94.41,-0.32,4.15
2023-09-16T00:00:00.000,12.45,263.89,-1.33,-12.38
2023-09-16T00:10:00.000,5.74,345.81,5.56,-1.41
2023-09-16T00:20:00.000,4.78,358.05,4.78,-0.16
2023-09-16T00:30:00.000,4.12,302.70,2.22,-3.46
2023-09-16T00:40:00.000,3.61,309.46,2.29,-2.79
2023-09-16T00:50:00.000,4.94,155.83,-4.51,2.02
2023-09-16T01:00:00.000,3.29,205.80,-2.96,-1.43
2023-09-16T01:10:00.000,6.08,254.58,-1.62,-5.86
2023-09-16T01:20:00.000,3.72,155.81,-3.40,1.52
2023-09-16T01:30:00.000,5.19,179.02,-5.19,0.09
2023-09-16T01:40:00.000,4.08,166.03,-3.96,0.99
2023-09-16T01:50:00.000,8.37,167.01,-8.15,1.88
2023-09-16T02:00:00.000,10.24,157.58,-9.46,3.90
2023-09-16T02:10:00.000,7.77,97.87,-1.06,7.69
2023-09-16T02:20:00.000,6.96,215.41,-5.68,-4.04
2023-09-16T02:30:00.000,3.02,188.01,-2.99,-0.42
2023-09-16T02:40:00.000,4.60,354.10,4.57,-0.47
2023-09-16T02:50:00.000,6.14,99.83,-1.05,6.05
2023-09-16T03:00:00.000,11.47,82.72,1.45,11.37
2023-09-16T03:10:00.000,12.01,90.46,-0.10,12.01
2023-09-16T03:20:00.000,11.04,85.11,0.94,11.00
2023-09-16T03:30:00.000,4.60,76.18,1.10,4.46
2023-09-16T03:40:00.000,4.53,97.57,-0.60,4.49
2023-09-16T03:50:00.000,4.76,290.44,1.66,-4.46
2023-09-16T04:00:00.000,2.44,49.20,1.60,1.85
2023-09-16T04:10:00.000,6.49,119.76,-3.22,5.64
2023-09-16T04:20:00.000,2.79,256.51,-0.65,-2.71
2023-09-16T04:30:00.000,3.77,351.78,3.73,-0.54
2023-09-16T04:40:00.000,4.93,346.54,4.80,-1.15
2023-09-16T04:50:00.000,11.06,311.07,7.27,-8.34
2023-09-16T05:00:00.000,13.67,310.26,8.83,-10.43
2023-09-16T05:10:00.000,7.23,271.43,0.18,-7.23
2023-09-16T05:20:00.000,9.24,287.69,2.81,-8.80
2023-09-16T05:30:00.000,9.46,319.29,7.17,-6.17
2023-09-16T05:40:00.000,5.33,339.13,4.98,-1.90
2023-09-16T05:50:00.000,7.07,237.82,-3.77,-5.99
2023-09-16T06:00:00.000,4.75,269.42,-0.05,-4.75
2023-09-16T06:10:00.000,6.00,299.47,2.95,-5.22
2023-09-16T06:20:00.000,5.81,278.79,0.89,-5.74
2023-09-16T06:30:00.000,6.91,285.85,1.89,-6.64
2023-09-16T06:40:00.000,6.35,284.41,1.58,-6.15
2023-09-16T06:50:00.000,10.41,279.53,1.72,-10.26
2023-09-16T07:00:00.000,12.31,294.52,5.11,-11.20
2023-09-16T07:10:00.000,11.43,307.50,6.96,-9.07
2023-09-16T07:20:00.000,11.18,280.40,2.02,-11.00
2023-09-16T07:30:00.000,9.73,307.22,5.88,-7.75
2023-09-16T07:40:00.000,11.00,307.66,6.72,-8.71
2023-09-16T07:50:00.000,4.64,316.00,3.34,-3.22
2023-09-16T08:00:00.000,5.36,250.71,-1.77,-5.06
2023-09-16T08:10:00.000,9.37,319.31,7.10,-6.11
2023-09-16T08:20:00.000,7.04,301.85,3.72,-5.98
2023-09-16T08:30:00.000,7.48,335.76,6.82,-3.07
2023-09-16T08:40:00.000,9.89,331.54,8.70,-4.71
2023-09-16T08:50:00.000,11.06,78.31,2.24,10.83
2023-09-16T09:00:00.000,10.69,93.75,-0.70,10.67
2023-09-16T09:10:00.000,5.01,53.95,2.95,4.05
2023-09-16T09:20:00.000,7.60,38.79,5.92,4.76
2023-09-16T09:30:00.000,9.95,84.90,0.88,9.91
2023-09-16T09:40:00.000,8.79,342.87,8.40,-2.59
2023-09-16T09:50:00.000,9.29,83.86,0.99,9.24
2023-09-16T10:00:00.000,10.34,57.06,5.62,8.68
2023-09-16T10:10:00.000,7.52,82.33,1.00,7.46
2023-09-16T10:20:00.000,10.79,9.20,10.65,1.72
2023-09-16T10:30:00.000,9.39,29.23,8.19,4.59
2023-09-16T10:40:00.000,8.25,320.10,6.33,-5.29
2023-09-16T10:50:00.000,9.85,19.28,9.30,3.25
2023-09-16T11:00:00.000,12.40,335.37,11.27,-5.17
2023-09-16T11:10:00.000,10.31,28.88,9.03,4.98
2023-09-16T11:20:00.000,8.33,343.01,7.96,-2.43
2023-09-16T11:30:00.000,10.49,324.27,8.52,-6.13
2023-09-16T11:40:00.000,13.47,316.08,9.70,-9.34
2023-09-16T11:50:00.000,9.98,320.77,7.73,-6.31
2023-09-16T12:00:00.000,8.43,328.24,7.17,-4.44
2023-09-16T12:10:00.000,9.75,298.84,4.71,-8.54
2023-09-16T12:20:00.000,4.93,188.89,-4.87,-0.76
2023-09-16T12:30:00.000,6.49,275.14,0.58,-6.47
2023-09-16T12:40:00.000,4.53,238.68,-2.36,-3.87
2023-09-16T12:50:00.000,5.37,280.14,0.95,-5.29
2023-09-16T13:00:00.000,4.63,278.57,0.69,-4.58
2023-09-16T13:10:00.000,10.61,156.62,-9.74,4.21
2023-09-16T13:20:00.000,9.92,64.30,4.30,8.94
2023-09-16T13:30:00.000,8.98,123.23,-4.92,7.51
2023-09-16T13:40:00.000,11.15,45.25,7.85,7.92
2023-09-16T13:50:00.000,7.38,72.84,2.18,7.05
2023-09-16T14:00:00.000,10.99,90.36,-0.07,10.99
2023-09-16T14:10:00.000,7.10,84.93,0.63,7.07
2023-09-16T14:20:00.000,10.12,128.48,-6.30,7.92
2023-09-16T14:30:00.000,12.16,105.55,-3.26,11.71
2023-09-16T14:40:00.000,11.64,91.95,-0.40,11.63
2023-09-16T14:50:00.000,4.62,105.75,-1.25,4.45
2023-09-16T15:00:00.000,6.72,136.11,-4.84,4.66
2023-09-16T15:10:00.000,5.81,57.51,3.12,4.90
2023-09-16T15:20:00.000,8.05,90.72,-0.10,8.05
2023-09-16T15:30:00.000,3.86,88.89,0.08,3.86
2023-09-16T15:40:00.000,5.35,20.93,5.00,1.91
2023-09-16T15:50:00.000,8.03,205.48,-7.25,-3.46
2023-09-16T16:00:00.000,1.74,34.47,1.43,0.98
2023-09-16T16:10:00.000,3.34,42.58,2.46,2.26
2023-09-16T16:20:00.000,6.05,32.25,5.11,3.23
2023-09-16T16:30:00.000,10.32,84.26,1.03,10.26
2023-09-16T16:40:00.000,5.07,48.96,3.33,3.82
2023-09-16T16:50:00.000,11.28,357.44,11.27,-0.50
2023-09-16T17:00:00.000,3.00,65.62,1.24,2.74
2023-09-16T17:10:00.000,2.84,19.62,2.67,0.95
2023-09-16T17:20:00.000,8.79,0.08,8.79,0.01
2023-09-16T17:30:00.000,6.75,23.01,6.22,2.64
2023-09-16T17:40:00.000,5.01,340.28,4.71,-1.69
2023-09-16T17:50:00.000,5.86,317.03,4.29,-4.00
2023-09-16T18:00:00.000,9.76,22.32,9.03,3.71
2023-09-16T18:10:00.000,6.98,349.63,6.87,-1.26
2023-09-16T18:20:00.000,5.40,20.18,5.06,1.86
2023-09-16T18:30:00.000,7.02,345.99,6.81,-1.70
2023-09-16T18:40:00.000,5.88,333.57,5.27,-2.62
2023-09-16T18:50:00.000,6.19,324.41,5.04,-3.61
2023-09-16T19:00:00.000,7.94,327.73,6.71,-4.24
2023-09-16T19:10:00.000,9.96,339.54,9.33,-3.48
2023-09-16T19:20:00.000,6.33,359.08,6.33,-0.10
2023-09-16T19:30:00.000,4.94,326.15,4.11,-2.75
2023-09-16T19:40:00.000,7.22,322.58,5.73,-4.38
2023-09-16T19:50:00.000,10.03,58.13,5.29,8.52
2023-09-16T20:00:00.000,3.25,300.11,1.63,-2.81
2023-09-16T20:10:00.000,6.20,303.34,3.41,-5.18
2023-09-16T20:20:00.000,5.41,342.39,5.16,-1.64
2023-09-16T20:30:00.000,5.09,3.82,5.08,0.34
2023-09-16T20:40:00.000,3.79,332.68,3.37,-1.74
2023-09-16T20:50:00.000,7.31,90.45,-0.06,7.31
2023-09-16T21:00:00.000,8.60,330.64,7.50,-4.22
2023-09-16T21:10:00.000,3.45,233.49,-2.05,-2.77
2023-09-16T21:20:00.000,3.38,103.04,-0.76,3.29
2023-09-16T21:30:00.000,6.94,94.21,-0.51,6.93
2023-09-16T21:40:00.000,7.58,110.87,-2.70,7.08
2023-09-16T21:50:00.000,3.54,109.05,-1.16,3.35
2023-09-16T22:00:00.000,5.80,144.38,-4.71,3.38
2023-09-16T22:10:00.000,2.00,318.58,1.50,-1.32
2023-09-16T22:20:00.000,4.18,71.27,1.34,3.96
2023-09-16T22:30:00.000,4.81,347.86,4.70,-1.01
2023-09-16T22:40:00.000,1.29,302.72,0.70,-1.09
2023-09-16T22:50:00.000,4.65,304.55,2.63,-3.83
2023-09-16T23:00:00.000,4.28,199.06,-4.05,-1.40
2023-09-16T23:10:00.000,2.53,205.87,-2.28,-1.11
2023-09-16T23:20:00.000,0.90,18.63,0.86,0.29
2023-09-16T23:30:00.000,3.32,208.15,-2.93,-1.57
2023-09-16T23:40:00.000,3.20,92.27,-0.13,3.20
2023-09-16T23:50:00.000,4.56,114.21,-1.87,4.16
2023-09-17T00:00:00.000,9.15,111.53,-3.36,8.51
2023-09-17T00:10:00.000,7.85,95.87,-0.80,7.81
2023-09-17T00:20:00.000,5.47,114.72,-2.29,4.97
2023-09-17T00:30:00.000,5.66,120.42,-2.86,4.88
2023-09-17T00:40:00.000,3.74,171.11,-3.70,0.58
2023-09-17T00:50:00.000,4.71,134.61,-3.31,3.35
2023-09-17T01:00:00.000,6.51,138.39,-4.86,4.32
2023-09-17T01:10:00.000,5.40,139.87,-4.13,3.48
2023-09-17T01:20:00.000,2.12,184.69,-2.11,-0.17
2023-09-17T01:30:00.000,4.31,132.04,-2.89,3.20
2023-09-17T01:40:00.000,2.98,128.93,-1.87,2.32
2023-09-17T01:50:00.000,5.44,67.16,2.11,5.02
2023-09-17T02:00:00.000,4.33,85.72,0.32,4.32
2023-09-17T02:10:00.000,7.30,82.15,1.00,7.23
2023-09-17T02:20:00.000,16.42,92.56,-0.73,16.40
2023-09-17T02:30:00.000,10.12,90.37,-0.06,10.12
2023-09-17T02:40:00.000,3.65,83.37,0.42,3.63
2023-09-17T02:50:00.000,13.31,94.27,-0.99,13.27
2023-09-17T03:00:00.000,12.44,96.26,-1.36,12.36
2023-09-17T03:10:00.000,3.81,81.74,0.55,3.77
2023-09-17T03:20:00.000,3.21,115.87,-1.40,2.89
2023-09-17T03:30:00.000,2.07,241.64,-0.98,-1.82
2023-09-17T03:40:00.000,3.77,105.31,-1.00,3.64
2023-09-17T03:50:00.000,3.55,84.75,0.32,3.53
2023-09-17T04:00:00.000,4.10,90.11,-0.01,4.10
2023-09-17T04:10:00.000,9.39,120.04,-4.70,8.13
2023-09-17T04:20:00.000,4.99,102.27,-1.06,4.88
2023-09-17T04:30:00.000,4.31,141.10,-3.35,2.71
2023-09-17T04:40:00.000,2.34,156.34,-2.14,0.94
2023-09-17T04:50:00.000,2.07,153.31,-1.85,0.93
2023-09-17T05:00:00.000,4.69,338.59,4.37,-1.71
2023-09-17T05:10:00.000,3.48,333.83,3.12,-1.53
2023-09-17T05:20:00.000,2.87,348.75,2.81,-0.56
2023-09-17T05:30:00.000,5.47,332.15,4.84,-2.56
2023-09-17T05:40:00.000,2.15,28.78,1.89,1.04
2023-09-17T05:50:00.000,2.70,319.76,2.06,-1.74
2023-09-17T06:00:00.000,2.63,296.91,1.19,-2.34
2023-09-17T06:10:00.000,3.77,295.94,1.65,-3.39
2023-09-17T06:20:00.000,2.28,263.92,-0.24,-2.27
2023-09-17T06:30:00.000,2.32,317.24,1.70,-1.57
2023-09-17T06:40:00.000,2.17,230.17,-1.39,-1.67
2023-09-17T06:50:00.000,2.54,300.71,1.30,-2.18
2023-09-17T07:00:00.000,2.31,218.96,-1.79,-1.45
2023-09-17T07:10:00.000,3.11,288.17,0.97,-2.95
2023-09-17T07:20:00.000,3.46,307.22,2.09,-2.76
2023-09-17T07:30:00.000,4.03,313.12,2.75,-2.94
2023-09-17T07:40:00.000,3.49,322.05,2.75,-2.15
2023-09-17T07:50:00.000,4.14,311.68,2.76,-3.10
2023-09-17T08:00:00.000,4.90,323.08,3.92,-2.94
2023-09-17T08:10:00.000,5.02,319.50,3.82,-3.26
2023-09-17T08:20:00.000,5.07,315.14,3.59,-3.57
2023-09-17T08:30:00.000,4.51,334.02,4.06,-1.98
2023-09-17T08:40:00.000,6.65,318.09,4.95,-4.44
2023-09-17T08:50:00.000,6.13,328.17,5.21,-3.23
2023-09-17T09:00:00.000,6.46,320.62,4.99,-4.10
2023-09-17T09:10:00.000,6.07,336.84,5.58,-2.39
2023-09-17T09:20:00.000,7.56,311.09,4.97,-5.70
2023-09-17T09:30:00.000,6.91,315.62,4.94,-4.83
2023-09-17T09:40:00.000,5.90,337.18,5.43,-2.29
2023-09-17T09:50:00.000,6.10,341.84,5.80,-1.90
2023-09-17T10:00:00.000,6.22,338.97,5.80,-2.23
2023-09-17T10:10:00.000,5.74,305.48,3.33,-4.67
2023-09-17T10:20:00.000,8.52,297.46,3.93,-7.56
2023-09-17T10:30:00.000,5.12,313.57,3.53,-3.71
2023-09-17T10:40:00.000,2.25,300.05,1.13,-1.95
2023-09-17T10:50:00.000,3.64,270.07,0.00,-3.64
2023-09-17T11:00:00.000,3.19,263.38,-0.37,-3.17
2023-09-17T11:10:00.000,2.31,238.04,-1.23,-1.96
2023-09-17T11:20:00.000,1.60,212.29,-1.36,-0.86
2023-09-17T11:30:00.000,4.78,185.43,-4.76,-0.45
2023-09-17T11:40:00.000,5.96,162.86,-5.69,1.76
2023-09-17T11:50:00.000,5.11,163.98,-4.91,1.41
2023-09-17T12:00:00.000,5.80,150.92,-5.07,2.82
2023-09-17T12:10:00.000,4.63,179.19,-4.62,0.07
2023-09-17T12:20:00.000,2.28,122.96,-1.24,1.92
2023-09-17T12:30:00.000,3.44,318.01,2.56,-2.30
2023-09-17T12:40:00.000,3.30,353.93,3.28,-0.35
2023-09-17T12:50:00.000,4.60,338.66,4.28,-1.67
2023-09-17T13:00:00.000,4.21,325.57,3.47,-2.38
2023-09-17T13:10:00.000,4.45,306.36,2.64,-3.58
2023-09-17T13:20:00.000,3.04,273.82,0.20,-3.03
2023-09-17T13:30:00.000,1.73,247.73,-0.66,-1.61
2023-09-17T13:40:00.000,1.78,257.46,-0.39,-1.74
2023-09-17T13:50:00.000,2.67,330.98,2.34,-1.30
2023-09-17T14:00:00.000,2.65,323.82,2.14,-1.56
2023-09-17T14:10:00.000,1.06,92.85,-0.05,1.05
2023-09-17T14:20:00.000,4.80,105.17,-1.26,4.63
2023-09-17T14:30:00.000,2.27,80.27,0.38,2.24
2023-09-17T14:40:00.000,2.07,100.59,-0.38,2.03
2023-09-17T14:50:00.000,2.13,307.26,1.29,-1.69
2023-09-17T15:00:00.000,5.45,351.77,5.39,-0.78
2023-09-17T15:10:00.000,6.55,86.62,0.39,6.54
2023-09-17T15:20:00.000,6.78,80.75,1.09,6.69
2023-09-17T15:30:00.000,6.59,82.65,0.84,6.54
2023-09-17T15:40:00.000,5.81,86.46,0.36,5.80
2023-09-17T15:50:00.000,5.55,75.10,1.43,5.36
2023-09-17T16:00:00.000,9.50,52.65,5.76,7.55
2023-09-17T16:10:00.000,7.14,48.62,4.72,5.36
2023-09-17T16:20:00.000,9.46,71.97,2.93,9.00
2023-09-17T16:30:00.000,7.13,62.56,3.29,6.33
2023-09-17T16:40:00.000,7.39,57.64,3.96,6.24
2023-09-17T16:50:00.000,7.28,62.11,3.41,6.44
2023-09-17T17:00:00.000,6.22,85.27,0.51,6.19
2023-09-17T17:10:00.000,5.98,92.90,-0.30,5.97
2023-09-17T17:20:00.000,3.16,85.71,0.24,3.15
2023-09-17T17:30:00.000,3.03,358.63,3.03,-0.07
2023-09-17T17:40:00.000,4.63,332.38,4.10,-2.15
2023-09-17T17:50:00.000,4.27,306.75,2.56,-3.42
2023-09-17T18:00:00.000,3.41,293.09,1.34,-3.13
2023-09-17T18:10:00.000,4.00,276.75,0.47,-3.98
2023-09-17T18:20:00.000,3.91,230.07,-2.51,-3.00
2023-09-17T18:30:00.000,2.64,238.90,-1.36,-2.26
2023-09-17T18:40:00.000,2.00,242.89,-0.91,-1.78
2023-09-17T18:50:00.000,1.09,223.91,-0.78,-0.75
2023-09-17T19:00:00.000,1.26,300.65,0.64,-1.08
2023-09-17T19:10:00.000,1.51,308.94,0.95,-1.17
2023-09-17T19:20:00.000,1.01,325.76,0.84,-0.57
2023-09-17T19:30:00.000,2.43,314.52,1.70,-1.73
2023-09-17T19:40:00.000,3.85,312.72,2.61,-2.83
2023-09-17T19:50:00.000,1.75,291.63,0.64,-1.62
2023-09-17T20:00:00.000,1.53,179.07,-1.53,0.02
2023-09-17T20:10:00.000,1.56,265.98,-0.11,-1.56
2023-09-17T20:20:00.000,2.96,282.86,0.66,-2.89
2023-09-17T20:30:00.000,3.31,310.15,2.13,-2.53
2023-09-17T20:40:00.000,2.13,266.71,-0.12,-2.12
2023-09-17T20:50:00.000,4.50,287.63,1.36,-4.29
2023-09-17T21:00:00.000,2.98,263.10,-0.36,-2.96
2023-09-17T21:10:00.000,3.96,265.83,-0.29,-3.95
2023-09-17T21:20:00.000,2.27,283.76,0.54,-2.20
2023-09-17T21:30:00.000,4.60,327.11,3.86,-2.50
2023-09-17T21:40:00.000,3.82,290.78,1.36,-3.57
2023-09-17T21:50:00.000,4.34,298.59,2.08,-3.81
2023-09-17T22:00:00.000,3.81,268.35,-0.11,-3.81
2023-09-17T22:10:00.000,1.95,189.43,-1.92,-0.32
2023-09-17T22:20:00.000,1.98,275.24,0.18,-1.97
2023-09-17T22:30:00.000,10.95,265.56,-0.85,-10.92
2023-09-17T22:40:00.000,9.26,275.04,0.81,-9.23
2023-09-17T22:50:00.000,3.06,269.14,-0.05,-3.06
2023-09-17T23:00:00.000,4.60,221.43,-3.45,-3.04
2023-09-17T23:10:00.000,5.56,145.52,-4.58,3.15
2023-09-17T23:20:00.000,3.95,146.23,-3.28,2.19
2023-09-17T23:30:00.000,4.47,165.75,-4.34,1.10
2023-09-17T23:40:00.000,3.64,145.53,-3.00,2.06
2023-09-17T23:50:00.000,4.62,156.93,-4.25,1.81
2023-09-18T00:00:00.000,3.88,154.42,-3.50,1.68
2023-09-18T00:10:00.000,1.61,180.87,-1.60,-0.02
2023-09-18T00:20:00.000,3.34,205.65,-3.01,-1.45
2023-09-18T00:30:00.000,1.68,170.98,-1.66,0.26
2023-09-18T00:40:00.000,2.71,207.92,-2.39,-1.27
2023-09-18T00:50:00.000,3.31,136.16,-2.39,2.29
2023-09-18T01:00:00.000,4.11,143.37,-3.30,2.45
2023-09-18T01:10:00.000,2.99,138.59,-2.24,1.98
2023-09-18T01:20:00.000,1.19,173.76,-1.18,0.13
2023-09-18T01:30:00.000,1.97,329.19,1.70,-1.01
2023-09-18T01:40:00.000,3.55,343.20,3.40,-1.03
2023-09-18T01:50:00.000,5.80,330.87,5.07,-2.82
2023-09-18T02:00:00.000,5.29,316.65,3.85,-3.63
2023-09-18T02:10:00.000,3.07,68.73,1.11,2.86
2023-09-18T02:20:00.000,4.92,109.66,-1.66,4.64
2023-09-18T02:30:00.000,9.41,154.65,-8.50,4.03
2023-09-18T02:40:00.000,4.57,122.36,-2.45,3.86
2023-09-18T02:50:00.000,3.66,95.98,-0.38,3.64
2023-09-18T03:00:00.000,5.76,129.89,-3.69,4.42
2023-09-18T03:10:00.000,4.08,106.17,-1.14,3.92
2023-09-18T03:20:00.000,10.54,101.37,-2.08,10.34
2023-09-18T03:30:00.000,6.38,59.17,3.27,5.48
2023-09-18T03:40:00.000,7.85,72.42,2.37,7.48
2023-09-18T03:50:00.000,5.54,66.28,2.23,5.07
2023-09-18T04:00:00.000,4.95,74.03,1.36,4.76
2023-09-18T04:10:00.000,8.34,70.94,2.73,7.89
2023-09-18T04:20:00.000,3.70,45.47,2.59,2.64
2023-09-18T04:30:00.000,5.56,59.54,2.82,4.79
2023-09-18T04:40:00.000,4.92,76.39,1.16,4.79
2023-09-18T04:50:00.000,7.65,54.53,4.44,6.23
2023-09-18T05:00:00.000,6.51,58.90,3.36,5.57
2023-09-18T05:10:00.000,5.72,39.87,4.39,3.66
2023-09-18T05:20:00.000,6.14,78.33,1.24,6.01
2023-09-18T05:30:00.000,4.58,92.09,-0.17,4.58
2023-09-18T05:40:00.000,4.36,5.75,4.34,0.44
2023-09-18T05:50:00.000,4.08,4.93,4.07,0.35
2023-09-18T06:00:00.000,5.89,350.10,5.80,-1.01
2023-09-18T06:10:00.000,6.87,338.05,6.37,-2.57
2023-09-18T06:20:00.000,4.28,311.03,2.81,-3.23
2023-09-18T06:30:00.000,4.22,322.41,3.35,-2.58
2023-09-18T06:40:00.000,3.93,323.24,3.15,-2.35
2023-09-18T06:50:00.000,3.62,331.21,3.17,-1.74
2023-09-18T07:00:00.000,3.11,33.06,2.61,1.70
2023-09-18T07:10:00.000,3.16,353.07,3.13,-0.38
2023-09-18T07:20:00.000,2.80,325.39,2.31,-1.59
2023-09-18T07:30:00.000,3.70,309.51,2.35,-2.85
2023-09-18T07:40:00.000,2.60,338.45,2.41,-0.95
2023-09-18T07:50:00.000,2.83,299.95,1.41,-2.46
2023-09-18T08:00:00.000,2.80,312.04,1.88,-2.08
2023-09-18T08:10:00.000,1.70,339.23,1.59,-0.60
2023-09-18T08:20:00.000,2.58,315.65,1.85,-1.81
2023-09-18T08:30:00.000,3.30,312.64,2.24,-2.43
2023-09-18T08:40:00.000,3.38,304.83,1.93,-2.78
2023-09-18T08:50:00.000,3.58,297.52,1.66,-3.18
2023-09-18T09:00:00.000,5.62,286.59,1.61,-5.39
2023-09-18T09:10:00.000,3.98,310.32,2.57,-3.03
2023-09-18T09:20:00.000,4.17,293.51,1.66,-3.82
2023-09-18T09:30:00.000,6.30,301.32,3.28,-5.38
2023-09-18T09:40:00.000,3.94,281.59,0.79,-3.86
2023-09-18T09:50:00.000,6.26,290.97,2.24,-5.85
2023-09-18T10:00:00.000,5.23,289.65,1.76,-4.93
2023-09-18T10:10:00.000,2.34,247.32,-0.90,-2.16
2023-09-18T10:20:00.000,2.63,234.21,-1.54,-2.13
2023-09-18T10:30:00.000,2.67,293.08,1.05,-2.46
2023-09-18T10:40:00.000,4.72,185.96,-4.69,-0.49
2023-09-18T10:50:00.000,8.57,264.54,-0.82,-8.53
2023-09-18T11:00:00.000,2.73,228.29,-1.82,-2.04
2023-09-18T11:10:00.000,5.17,238.02,-2.74,-4.39
2023-09-18T11:20:00.000,3.95,209.49,-3.44,-1.94
2023-09-18T11:30:00.000,2.41,187.88,-2.39,-0.33
2023-09-18T11:40:00.000,3.72,173.85,-3.70,0.40
2023-09-18T11:50:00.000,2.21,159.61,-2.07,0.77
2023-09-18T12:00:00.000,1.33,213.20,-1.11,-0.73
2023-09-18T12:10:00.000,11.22,135.22,-7.96,7.90
2023-09-18T12:20:00.000,5.70,143.78,-4.59,3.37
2023-09-18T12:30:00.000,6.61,150.05,-5.73,3.30
2023-09-18T12:40:00.000,6.16,128.57,-3.84,4.81
2023-09-18T12:50:00.000,3.16,169.86,-3.11,0.56
2023-09-18T13:00:00.000,1.96,202.98,-1.81,-0.77
2023-09-18T13:10:00.000,2.77,326.72,2.32,-1.52
2023-09-18T13:20:00.000,1.68,264.76,-0.15,-1.67
2023-09-18T13:30:00.000,1.77,250.09,-0.60,-1.66
2023-09-18T13:40:00.000,1.82,224.14,-1.30,-1.26
2023-09-18T13:50:00.000,1.69,266.83,-0.09,-1.69
2023-09-18T14:00:00.000,3.64,330.51,3.17,-1.79
2023-09-18T14:10:00.000,3.08,295.01,1.30,-2.79
2023-09-18T14:20:00.000,1.52,278.48,0.22,-1.50
2023-09-18T14:30:00.000,1.40,297.47,0.64,-1.24
2023-09-18T14:40:00.000,1.61,26.12,1.45,0.71
2023-09-18T14:50:00.000,1.23,306.08,0.73,-1.00
2023-09-18T15:00:00.000,6.47,106.77,-1.87,6.19
2023-09-18T15:10:00.000,6.47,110.24,-2.24,6.07
2023-09-18T15:20:00.000,6.40,95.10,-0.57,6.37
2023-09-18T15:30:00.000,12.25,88.80,0.26,12.25
2023-09-18T15:40:00.000,10.58,95.55,-1.02,10.53
2023-09-18T15:50:00.000,9.40,67.32,3.63,8.67
2023-09-18T16:00:00.000,8.72,75.79,2.14,8.45
2023-09-18T16:10:00.000,4.26,74.10,1.17,4.10
2023-09-18T16:20:00.000,4.77,48.28,3.18,3.56
2023-09-18T16:30:00.000,5.63,46.82,3.85,4.10
2023-09-18T16:40:00.000,12.88,80.25,2.18,12.69
2023-09-18T16:50:00.000,10.25,71.63,3.23,9.72
2023-09-18T17:00:00.000,10.31,76.23,2.45,10.01
2023-09-18T17:10:00.000,4.67,71.93,1.45,4.44
2023-09-18T17:20:00.000,4.30,77.73,0.91,4.20
2023-09-18T17:30:00.000,4.76,87.15,0.24,4.75
2023-09-18T17:40:00.000,2.84,75.33,0.72,2.75
2023-09-18T17:50:00.000,3.26,21.75,3.03,1.21
2023-09-18T18:00:00.000,2.64,5.53,2.62,0.25
2023-09-18T18:10:00.000,1.62,341.69,1.54,-0.51
2023-09-18T18:20:00.000,4.53,328.09,3.85,-2.40
2023-09-18T18:30:00.000,4.30,305.06,2.47,-3.52
2023-09-18T18:40:00.000,3.62,306.89,2.18,-2.90
2023-09-18T18:50:00.000,2.61,123.25,-1.43,2.18
2023-09-18T19:00:00.000,3.27,32.55,2.75,1.76
2023-09-18T19:10:00.000,5.81,141.42,-4.54,3.62
2023-09-18T19:20:00.000,4.38,138.93,-3.30,2.88
2023-09-18T19:30:00.000,4.13,189.54,-4.07,-0.68
2023-09-18T19:40:00.000,3.79,156.01,-3.46,1.54
2023-09-18T19:50:00.000,1.68,148.37,-1.43,0.88
2023-09-18T20:00:00.000,3.93,145.98,-3.26,2.20
2023-09-18T20:10:00.000,3.98,130.17,-2.57,3.04
2023-09-18T20:20:00.000,2.79,158.72,-2.60,1.01
2023-09-18T20:30:00.000,6.07,125.70,-3.54,4.93
2023-09-18T20:40:00.000,5.26,111.27,-1.91,4.90
2023-09-18T20:50:00.000,3.46,94.78,-0.29,3.45
2023-09-18T21:00:00.000,2.64,73.63,0.74,2.53
2023-09-18T21:10:00.000,1.69,277.77,0.23,-1.68
2023-09-18T21:20:00.000,2.83,314.65,1.99,-2.02
2023-09-18T21:30:00.000,5.03,307.44,3.06,-4.00
2023-09-18T21:40:00.000,5.27,336.43,4.83,-2.11
2023-09-18T21:50:00.000,9.28,325.17,7.61,-5.30
2023-09-18T22:00:00.000,4.72,304.44,2.67,-3.89
2023-09-18T22:10:00.000,6.07,333.16,5.42,-2.74
2023-09-18T22:20:00.000,8.28,312.06,5.54,-6.14
2023-09-18T22:30:00.000,6.90,294.54,2.86,-6.28
2023-09-18T22:40:00.000,2.62,295.15,1.12,-2.38
2023-09-18T22:50:00.000,5.99,266.17,-0.40,-5.98
2023-09-18T23:00:00.000,8.59,265.92,-0.61,-8.57
2023-09-18T23:10:00.000,3.83,194.78,-3.70,-0.98
2023-09-18T23:20:00.000,5.77,184.37,-5.75,-0.44
2023-09-18T23:30:00.000,7.28,162.27,-6.94,2.22
2023-09-18T23:40:00.000,8.34,129.75,-5.33,6.41
2023-09-18T23:50:00.000,4.27,167.09,-4.16,0.95
2023-09-19T00:00:00.000,7.08,141.87,-5.57,4.37
2023-09-19T00:10:00.000,7.78,143.14,-6.23,4.67
2023-09-19T00:20:00.000,8.73,134.81,-6.15,6.19
2023-09-19T00:30:00.000,6.33,131.12,-4.16,4.77
2023-09-19T00:40:00.000,2.90,131.55,-1.92,2.17
2023-09-19T00:50:00.000,2.87,136.94,-2.09,1.96
2023-09-19T01:00:00.000,2.23,135.13,-1.58,1.58
2023-09-19T01:10:00.000,0.70,203.55,-0.64,-0.28
2023-09-19T01:20:00.000,2.12,191.02,-2.09,-0.41
2023-09-19T01:30:00.000,2.26,193.45,-2.20,-0.53
2023-09-19T01:40:00.000,2.40,170.61,-2.37,0.39
2023-09-19T01:50:00.000,0.53,212.37,-0.45,-0.28
2023-09-19T02:00:00.000,1.43,256.50,-0.33,-1.39
2023-09-19T02:10:00.000,2.06,80.18,0.35,2.03
2023-09-19T02:20:00.000,2.16,252.40,-0.65,-2.06
2023-09-19T02:30:00.000,1.61,275.61,0.16,-1.60
2023-09-19T02:40:00.000,0.69,137.72,-0.51,0.46
2023-09-19T02:50:00.000,2.00,224.58,-1.42,-1.40
2023-09-19T03:00:00.000,4.01,236.37,-2.22,-3.34
2023-09-19T03:10:00.000,0.98,216.40,-0.79,-0.58
2023-09-19T03:20:00.000,1.42,246.46,-0.57,-1.30
2023-09-19T03:30:00.000,2.88,335.26,2.61,-1.20
2023-09-19T03:40:00.000,2.63,319.39,2.00,-1.71
2023-09-19T03:50:00.000,2.09,15.31,2.01,0.55
2023-09-19T04:00:00.000,3.41,331.39,2.99,-1.63
2023-09-19T04:10:00.000,4.60,5.85,4.58,0.47
2023-09-19T04:20:00.000,3.41,110.03,-1.17,3.20
2023-09-19T04:30:00.000,5.21,29.15,4.55,2.54
2023-09-19T04:40:00.000,7.79,90.33,-0.04,7.79
2023-09-19T04:50:00.000,10.47,87.65,0.43,10.46
2023-09-19T05:00:00.000,13.43,74.94,3.49,12.97
2023-09-19T05:10:00.000,7.45,70.23,2.52,7.01
2023-09-19T05:20:00.000,4.29,67.29,1.65,3.95
2023-09-19T05:30:00.000,4.19,357.31,4.19,-0.20
2023-09-19T05:40:00.000,6.31,352.77,6.26,-0.79
2023-09-19T05:50:00.000,5.75,359.26,5.75,-0.07
2023-09-19T06:00:00.000,7.07,346.01,6.86,-1.71
2023-09-19T06:10:00.000,5.88,340.36,5.54,-1.98
2023-09-19T06:20:00.000,4.96,342.94,4.74,-1.45
2023-09-19T06:30:00.000,5.31,350.05,5.23,-0.92
2023-09-19T06:40:00.000,3.85,318.35,2.88,-2.56
2023-09-19T06:50:00.000,5.34,325.11,4.38,-3.06
2023-09-19T07:00:00.000,5.48,331.11,4.79,-2.65
2023-09-19T07:10:00.000,5.04,341.72,4.78,-1.58
2023-09-19T07:20:00.000,5.72,348.14,5.60,-1.18
2023-09-19T07:30:00.000,4.95,341.54,4.69,-1.57
2023-09-19T07:40:00.000,6.23,325.69,5.14,-3.51
2023-09-19T07:50:00.000,5.36,329.51,4.62,-2.72
2023-09-19T08:00:00.000,3.39,349.47,3.33,-0.62
2023-09-19T08:10:00.000,3.39,354.38,3.37,-0.33
2023-09-19T08:20:00.000,2.73,338.41,2.54,-1.01
2023-09-19T08:30:00.000,3.82,333.85,3.43,-1.68
2023-09-19T08:40:00.000,2.92,346.19,2.83,-0.70
2023-09-19T08:50:00.000,2.78,338.25,2.58,-1.03
2023-09-19T09:00:00.000,4.71,331.56,4.14,-2.24
2023-09-19T09:10:00.000,4.37,351.62,4.33,-0.64
2023-09-19T09:20:00.000,3.62,326.44,3.02,-2.00
2023-09-19T09:30:00.000,4.42,342.90,4.23,-1.30
2023-09-19T09:40:00.000,4.68,334.16,4.21,-2.04
2023-09-19T09:50:00.000,4.27,333.51,3.82,-1.91
2023-09-19T10:00:00.000,5.10,329.04,4.37,-2.62
2023-09-19T10:10:00.000,4.24,305.99,2.49,-3.43
2023-09-19T10:20:00.000,4.53,326.81,3.79,-2.48
2023-09-19T10:30:00.000,3.64,341.92,3.46,-1.13
2023-09-19T10:40:00.000,3.63,315.97,2.61,-2.52
2023-09-19T10:50:00.000,3.09,354.67,3.08,-0.29
2023-09-19T11:00:00.000,2.88,248.23,-1.07,-2.67
2023-09-19T11:10:00.000,4.07,296.52,1.82,-3.64
2023-09-19T11:20:00.000,2.44,264.56,-0.23,-2.43
2023-09-19T11:30:00.000,3.94,243.76,-1.74,-3.53
2023-09-19T11:40:00.000,5.06,256.31,-1.20,-4.92
2023-09-19T11:50:00.000,5.91,272.38,0.24,-5.90
2023-09-19T12:00:00.000,5.46,258.52,-1.09,-5.35
2023-09-19T12:10:00.000,4.16,188.50,-4.12,-0.62
2023-09-19T12:20:00.000,3.98,223.85,-2.87,-2.75
2023-09-19T12:30:00.000,4.33,241.16,-2.09,-3.79
2023-09-19T12:40:00.000,1.90,254.90,-0.49,-1.83
2023-09-19T12:50:00.000,2.02,199.62,-1.90,-0.68
2023-09-19T13:00:00.000,1.76,232.46,-1.07,-1.40
2023-09-19T13:10:00.000,2.66,184.00,-2.65,-0.19
2023-09-19T13:20:00.000,3.25,30.26,2.81,1.64
2023-09-19T13:30:00.000,3.42,358.09,3.41,-0.11
2023-09-19T13:40:00.000,3.39,6.19,3.37,0.37
2023-09-19T13:50:00.000,2.65,35.31,2.16,1.53
2023-09-19T14:00:00.000,3.96,189.63,-3.90,-0.66
2023-09-19T14:10:00.000,5.84,145.75,-4.83,3.29
2023-09-19T14:20:00.000,5.44,141.29,-4.25,3.40
2023-09-19T14:30:00.000,6.85,146.90,-5.74,3.74
2023-09-19T14:40:00.000,8.31,146.69,-6.94,4.56
2023-09-19T14:50:00.000,6.46,128.87,-4.06,5.03
2023-09-19T15:00:00.000,7.48,108.65,-2.39,7.08
2023-09-19T15:10:00.000,8.84,114.37,-3.65,8.05
2023-09-19T15:20:00.000,7.11,104.84,-1.82,6.87
2023-09-19T15:30:00.000,6.39,96.20,-0.69,6.36
2023-09-19T15:40:00.000,5.17,64.93,2.19,4.69
2023-09-19T15:50:00.000,6.10,93.12,-0.33,6.09
2023-09-19T16:00:00.000,10.96,100.13,-1.93,10.79
2023-09-19T16:10:00.000,8.13,96.06,-0.86,8.09
2023-09-19T16:20:00.000,4.28,112.69,-1.65,3.95
2023-09-19T16:30:00.000,5.28,133.39,-3.63,3.84
2023-09-19T16:40:00.000,7.37,108.07,-2.29,7.01
2023-09-19T16:50:00.000,9.02,130.90,-5.90,6.82
2023-09-19T17:00:00.000,3.92,120.51,-1.99,3.38
2023-09-19T17:10:00.000,3.90,88.89,0.08,3.90
2023-09-19T17:20:00.000,2.98,220.94,-2.25,-1.96
2023-09-19T17:30:00.000,3.89,312.37,2.62,-2.87
2023-09-19T17:40:00.000,5.28,331.24,4.63,-2.54
2023-09-19T17:50:00.000,3.48,303.00,1.90,-2.92
2023-09-19T18:00:00.000,4.49,348.59,4.40,-0.89
2023-09-19T18:10:00.000,4.87,346.49,4.74,-1.14
2023-09-19T18:20:00.000,5.71,318.40,4.27,-3.79
2023-09-19T18:30:00.000,5.38,315.11,3.81,-3.80
2023-09-19T18:40:00.000,4.11,339.50,3.85,-1.44
2023-09-19T18:50:00.000,3.51,342.74,3.36,-1.04
2023-09-19T19:00:00.000,5.22,336.54,4.78,-2.08
2023-09-19T19:10:00.000,6.00,272.76,0.29,-5.99
2023-09-19T19:20:00.000,3.81,267.54,-0.16,-3.80
2023-09-19T19:30:00.000,2.83,259.91,-0.50,-2.79
2023-09-19T19:40:00.000,2.58,287.90,0.79,-2.46
2023-09-19T19:50:00.000,2.70,243.24,-1.22,-2.41
2023-09-19T20:00:00.000,1.42,341.39,1.34,-0.45
2023-09-19T20:10:00.000,0.37,92.57,-0.02,0.37
2023-09-19T20:20:00.000,1.50,189.39,-1.48,-0.25
2023-09-19T20:30:00.000,2.17,198.81,-2.05,-0.70
2023-09-19T20:40:00.000,2.05,226.49,-1.41,-1.49
2023-09-19T20:50:00.000,3.36,221.59,-2.51,-2.23
2023-09-19T21:00:00.000,3.50,255.58,-0.87,-3.39
2023-09-19T21:10:00.000,3.92,259.73,-0.70,-3.86
2023-09-19T21:20:00.000,2.82,281.21,0.55,-2.76
2023-09-19T21:30:00.000,3.59,301.68,1.89,-3.06
2023-09-19T21:40:00.000,2.19,254.59,-0.58,-2.11
2023-09-19T21:50:00.000,2.78,246.48,-1.11,-2.55
2023-09-19T22:00:00.000,3.88,308.67,2.43,-3.03
2023-09-19T22:10:00.000,4.99,291.13,1.80,-4.66
2023-09-19T22:20:00.000,3.53,302.97,1.92,-2.96
2023-09-19T22:30:00.000,4.27,306.33,2.53,-3.44
2023-09-19T22:40:00.000,2.43,297.96,1.14,-2.14
2023-09-19T22:50:00.000,3.24,311.88,2.16,-2.41
2023-09-19T23:00:00.000,3.01,311.54,1.99,-2.25
2023-09-19T23:10:00.000,3.70,251.89,-1.15,-3.52
2023-09-19T23:20:00.000,1.90,267.99,-0.07,-1.90
2023-09-19T23:30:00.000,2.22,317.37,1.63,-1.50
2023-09-19T23:40:00.000,3.86,275.91,0.40,-3.83
2023-09-19T23:50:00.000,3.50,217.04,-2.80,-2.11
2023-09-20T00:00:00.000,4.17,246.01,-1.70,-3.81
2023-09-20T00:10:00.000,1.83,169.81,-1.81,0.32
2023-09-20T00:20:00.000,3.07,131.65,-2.04,2.29
2023-09-20T00:30:00.000,3.33,77.40,0.73,3.25
2023-09-20T00:40:00.000,3.22,91.15,-0.06,3.22
2023-09-20T00:50:00.000,2.50,65.84,1.02,2.28
2023-09-20T01:00:00.000,4.04,70.18,1.37,3.80
2023-09-20T01:10:00.000,3.23,111.33,-1.17,3.00
2023-09-20T01:20:00.000,2.56,69.54,0.90,2.40
2023-09-20T01:30:00.000,3.95,73.63,1.11,3.79
2023-09-20T01:40:00.000,4.18,104.18,-1.02,4.05
2023-09-20T01:50:00.000,5.09,103.59,-1.20,4.95
2023-09-20T02:00:00.000,5.64,105.23,-1.48,5.44
2023-09-20T02:10:00.000,4.78,136.39,-3.46,3.30
2023-09-20T02:20:00.000,5.36,85.38,0.43,5.35
2023-09-20T02:30:00.000,4.70,46.06,3.26,3.38
2023-09-20T02:40:00.000,3.53,71.50,1.12,3.35
2023-09-20T02:50:00.000,4.13,116.19,-1.82,3.70
2023-09-20T03:00:00.000,2.79,100.85,-0.53,2.74
2023-09-20T03:10:00.000,3.27,123.20,-1.79,2.74
2023-09-20T03:20:00.000,3.83,105.69,-1.03,3.68
2023-09-20T03:30:00.000,5.69,131.21,-3.75,4.28
2023-09-20T03:40:00.000,4.04,128.78,-2.53,3.15
2023-09-20T03:50:00.000,3.75,99.09,-0.59,3.71
2023-09-20T04:00:00.000,7.17,107.46,-2.15,6.84
2023-09-20T04:10:00.000,5.59,100.84,-1.05,5.49
2023-09-20T04:20:00.000,7.25,117.89,-3.39,6.41
2023-09-20T04:30:00.000,11.72,125.91,-6.88,9.50
2023-09-20T04:40:00.000,11.05,109.10,-3.62,10.45
2023-09-20T04:50:00.000,8.99,92.01,-0.32,8.98
2023-09-20T05:00:00.000,6.38,55.33,3.63,5.24
2023-09-20T05:10:00.000,1.61,84.54,0.15,1.60
2023-09-20T05:20:00.000,6.32,85.19,0.53,6.30
2023-09-20T05:30:00.000,4.18,56.96,2.28,3.50
2023-09-20T05:40:00.000,2.70,70.40,0.91,2.54
2023-09-20T05:50:00.000,2.66,28.13,2.35,1.26
2023-09-20T06:00:00.000,2.92,115.32,-1.25,2.64
2023-09-20T06:10:00.000,4.47,12.29,4.37,0.95
2023-09-20T06:20:00.000,3.78,17.09,3.61,1.11
2023-09-20T06:30:00.000,5.58,6.58,5.55,0.64
2023-09-20T06:40:00.000,5.83,358.05,5.82,-0.20
2023-09-20T06:50:00.000,4.30,18.58,4.08,1.37
2023-09-20T07:00:00.000,4.59,352.03,4.54,-0.64
2023-09-20T07:10:00.000,5.42,6.71,5.39,0.63
2023-09-20T07:20:00.000,5.49,355.01,5.47,-0.48
2023-09-20T07:30:00.000,6.46,341.63,6.13,-2.04
2023-09-20T07:40:00.000,5.86,343.60,5.62,-1.65
2023-09-20T07:50:00.000,4.82,344.27,4.64,-1.31
2023-09-20T08:00:00.000,2.91,326.96,2.44,-1.59
2023-09-20T08:10:00.000,2.69,329.03,2.31,-1.39
2023-09-20T08:20:00.000,4.33,345.64,4.20,-1.07
2023-09-20T08:30:00.000,2.35,3.85,2.35,0.16
2023-09-20T08:40:00.000,4.34,1.34,4.34,0.10
2023-09-20T08:50:00.000,3.52,311.74,2.34,-2.62
2023-09-20T09:00:00.000,4.03,334.39,3.64,-1.74
2023-09-20T09:10:00.000,4.05,324.63,3.30,-2.34
2023-09-20T09:20:00.000,4.52,331.92,3.99,-2.13
2023-09-20T09:30:00.000,3.72,345.01,3.59,-0.96
2023-09-20T09:40:00.000,3.09,321.12,2.41,-1.94
2023-09-20T09:50:00.000,4.39,330.14,3.81,-2.19
2023-09-20T10:00:00.000,3.46,343.48,3.31,-0.98
2023-09-20T10:10:00.000,4.73,334.70,4.27,-2.02
2023-09-20T10:20:00.000,4.08,327.46,3.44,-2.20
2023-09-20T10:30:00.000,4.27,323.71,3.44,-2.53
2023-09-20T10:40:00.000,4.30,336.66,3.94,-1.70
2023-09-20T10:50:00.000,3.64,304.56,2.07,-3.00
2023-09-20T11:00:00.000,3.56,345.82,3.45,-0.87
2023-09-20T11:10:00.000,4.02,315.09,2.85,-2.84
2023-09-20T11:20:00.000,6.40,295.52,2.76,-5.78
2023-09-20T11:30:00.000,4.16,289.31,1.38,-3.93
2023-09-20T11:40:00.000,3.91,279.45,0.64,-3.85
2023-09-20T11:50:00.000,7.66,292.16,2.89,-7.10
2023-09-20T12:00:00.000,6.02,265.12,-0.51,-6.00
2023-09-20T12:10:00.000,5.36,266.08,-0.37,-5.35
2023-09-20T12:20:00.000,5.42,247.77,-2.05,-5.02
2023-09-20T12:30:00.000,3.12,290.20,1.08,-2.92
2023-09-20T12:40:00.000,1.36,37.03,1.08,0.82
2023-09-20T12:50:00.000,2.04,23.50,1.87,0.81
2023-09-20T13:00:00.000,2.43,90.43,-0.02,2.43
2023-09-20T13:10:00.000,1.21,48.14,0.81,0.90
2023-09-20T13:20:00.000,2.29,136.82,-1.67,1.57
2023-09-20T13:30:00.000,2.71,174.23,-2.69,0.27
2023-09-20T13:40:00.000,4.74,135.26,-3.37,3.33
2023-09-20T13:50:00.000,4.62,168.79,-4.53,0.90
2023-09-20T14:00:00.000,12.13,149.22,-10.42,6.21
2023-09-20T14:10:00.000,10.85,146.39,-9.04,6.01
2023-09-20T14:20:00.000,5.98,132.65,-4.05,4.40
2023-09-20T14:30:00.000,5.02,115.31,-2.14,4.54
2023-09-20T14:40:00.000,3.03,101.05,-0.58,2.98
2023-09-20T14:50:00.000,2.87,142.83,-2.29,1.73
2023-09-20T15:00:00.000,1.34,343.81,1.29,-0.37
2023-09-20T15:10:00.000,2.15,332.38,1.91,-1.00
2023-09-20T15:20:00.000,0.65,254.39,-0.17,-0.63
2023-09-20T15:30:00.000,2.04,301.83,1.08,-1.73
2023-09-20T15:40:00.000,2.82,272.71,0.13,-2.82
2023-09-20T15:50:00.000,2.30,251.84,-0.72,-2.19
2023-09-20T16:00:00.000,3.11,296.02,1.36,-2.79
2023-09-20T16:10:00.000,4.01,327.85,3.39,-2.13
2023-09-20T16:20:00.000,2.11,13.59,2.05,0.50
2023-09-20T16:30:00.000,3.54,119.96,-1.77,3.06
2023-09-20T16:40:00.000,5.43,88.10,0.18,5.43
2023-09-20T16:50:00.000,9.63,96.64,-1.11,9.57
2023-09-20T17:00:00.000,7.51,94.03,-0.53,7.49
2023-09-20T17:10:00.000,10.20,89.22,0.14,10.20
2023-09-20T17:20:00.000,11.93,75.89,2.91,11.57
2023-09-20T17:30:00.000,7.71,88.84,0.16,7.71
2023-09-20T17:40:00.000,10.19,80.38,1.70,10.05
2023-09-20T17:50:00.000,4.51,96.09,-0.48,4.48
2023-09-20T18:00:00.000,4.16,94.30,-0.31,4.15
2023-09-20T18:10:00.000,7.43,79.71,1.33,7.31
2023-09-20T18:20:00.000,8.87,27.91,7.84,4.15
2023-09-20T18:30:00.000,8.61,43.71,6.22,5.95
2023-09-20T18:40:00.000,7.12,63.13,3.22,6.35
2023-09-20T18:50:00.000,8.23,55.71,4.63,6.80
2023-09-20T19:00:00.000,7.53,60.35,3.72,6.54
2023-09-20T19:10:00.000,4.73,72.71,1.41,4.52
2023-09-20T19:20:00.000,5.53,74.86,1.45,5.34
2023-09-20T19:30:00.000,3.76,56.50,2.08,3.14
2023-09-20T19:40:00.000,3.28,21.54,3.05,1.20
2023-09-20T19:50:00.000,5.02,345.18,4.85,-1.28
2023-09-20T20:00:00.000,4.11,327.69,3.47,-2.19
2023-09-20T20:10:00.000,3.53,282.68,0.77,-3.44
2023-09-20T20:20:00.000,3.08,284.59,0.78,-2.98
2023-09-20T20:30:00.000,0.48,160.38,-0.46,0.16
2023-09-20T20:40:00.000,0.56,113.69,-0.22,0.51
2023-09-20T20:50:00.000,3.25,3.79,3.24,0.21
2023-09-20T21:00:00.000,3.69,53.97,2.17,2.98
2023-09-20T21:10:00.000,2.38,131.20,-1.57,1.79
2023-09-20T21:20:00.000,3.37,156.89,-3.10,1.32
2023-09-20T21:30:00.000,1.45,326.53,1.21,-0.80
2023-09-20T21:40:00.000,3.32,318.36,2.48,-2.21
2023-09-20T21:50:00.000,3.01,345.00,2.90,-0.78
2023-09-20T22:00:00.000,3.56,319.24,2.69,-2.32
2023-09-20T22:10:00.000,3.09,347.49,3.01,-0.67
2023-09-20T22:20:00.000,2.14,334.93,1.94,-0.91
2023-09-20T22:30:00.000,3.02,352.72,3.00,-0.38
2023-09-20T22:40:00.000,2.08,39.82,1.60,1.33
2023-09-20T22:50:00.000,2.81,353.90,2.79,-0.30
2023-09-20T23:00:00.000,3.60,351.85,3.56,-0.51
2023-09-20T23:10:00.000,3.44,338.30,3.20,-1.27
2023-09-20T23:20:00.000,3.79,324.41,3.08,-2.21
2023-09-20T23:30:00.000,4.13,320.34,3.18,-2.64
2023-09-20T23:40:00.000,3.36,303.68,1.87,-2.80
2023-09-20T23:50:00.000,6.92,299.51,3.41,-6.02
2023-09-21T00:00:00.000,6.68,283.91,1.61,-6.49
2023-09-21T00:10:00.000,9.52,282.54,2.07,-9.29
2023-09-21T00:20:00.000,9.82,286.74,2.83,-9.40
2023-09-21T00:30:00.000,7.12,284.17,1.74,-6.91
2023-09-21T00:40:00.000,5.43,251.69,-1.71,-5.16
2023-09-21T00:50:00.000,5.20,259.10,-0.98,-5.11
2023-09-21T01:00:00.000,3.64,267.42,-0.16,-3.64
2023-09-21T01:10:00.000,3.35,41.94,2.49,2.24
2023-09-21T01:20:00.000,2.18,15.85,2.10,0.60
2023-09-21T01:30:00.000,1.01,34.22,0.83,0.57
2023-09-21T01:40:00.000,2.41,352.40,2.39,-0.32
2023-09-21T01:50:00.000,1.72,261.71,-0.25,-1.70
2023-09-21T02:00:00.000,6.18,154.73,-5.59,2.64
2023-09-21T02:10:00.000,5.42,152.32,-4.80,2.52
2023-09-21T02:20:00.000,7.01,168.09,-6.86,1.45
2023-09-21T02:30:00.000,6.14,142.82,-4.89,3.71
2023-09-21T02:40:00.000,6.15,149.75,-5.32,3.10
2023-09-21T02:50:00.000,3.51,161.32,-3.32,1.12
2023-09-21T03:00:00.000,3.62,154.46,-3.27,1.56
2023-09-21T03:10:00.000,1.92,180.96,-1.92,-0.03
2023-09-21T03:20:00.000,1.74,233.30,-1.04,-1.39
2023-09-21T03:30:00.000,2.29,194.85,-2.21,-0.59
2023-09-21T03:40:00.000,1.82,106.17,-0.51,1.75
2023-09-21T03:50:00.000,2.36,267.04,-0.12,-2.36
2023-09-21T04:00:00.000,3.60,309.04,2.27,-2.80
2023-09-21T04:10:00.000,3.53,278.76,0.54,-3.48
2023-09-21T04:20:00.000,4.05,345.98,3.93,-0.98
2023-09-21T04:30:00.000,4.53,336.56,4.16,-1.80
2023-09-21T04:40:00.000,4.02,338.79,3.75,-1.46
2023-09-21T04:50:00.000,3.88,340.44,3.65,-1.30
2023-09-21T05:00:00.000,1.31,117.10,-0.60,1.17
2023-09-21T05:10:00.000,5.63,110.70,-1.99,5.26
2023-09-21T05:20:00.000,4.85,88.01,0.17,4.84
2023-09-21T05:30:00.000,6.49,98.12,-0.92,6.43
2023-09-21T05:40:00.000,9.63,84.85,0.86,9.59
2023-09-21T05:50:00.000,6.79,85.18,0.57,6.77
2023-09-21T06:00:00.000,13.24,97.28,-1.68,13.13
2023-09-21T06:10:00.000,5.02,36.63,4.03,3.00
2023-09-21T06:20:00.000,7.24,73.30,2.08,6.94
2023-09-21T06:30:00.000,2.57,71.74,0.81,2.45
2023-09-21T06:40:00.000,4.50,38.17,3.54,2.78
2023-09-21T06:50:00.000,3.56,75.99,0.86,3.45
2023-09-21T07:00:00.000,6.73,75.33,1.70,6.51
2023-09-21T07:10:00.000,3.99,13.30,3.89,0.92
2023-09-21T07:20:00.000,2.59,37.85,2.05,1.59
2023-09-21T07:30:00.000,3.57,16.47,3.42,1.01
2023-09-21T07:40:00.000,3.67,357.33,3.67,-0.17
2023-09-21T07:50:00.000,2.49,353.53,2.48,-0.28
2023-09-21T08:00:00.000,1.93,343.57,1.85,-0.54
2023-09-21T08:10:00.000,4.54,296.93,2.05,-4.04
2023-09-21T08:20:00.000,3.86,292.80,1.49,-3.56
2023-09-21T08:30:00.000,3.39,290.79,1.20,-3.17
2023-09-21T08:40:00.000,2.82,253.86,-0.78,-2.71
2023-09-21T08:50:00.000,5.05,19.29,4.76,1.67
2023-09-21T09:00:00.000,2.56,116.49,-1.14,2.29
2023-09-21T09:10:00.000,4.18,194.08,-4.05,-1.02
2023-09-21T09:20:00.000,5.05,154.78,-4.57,2.15
2023-09-21T09:30:00.000,3.18,155.25,-2.89,1.33
2023-09-21T09:40:00.000,4.39,159.56,-4.11,1.53
2023-09-21T09:50:00.000,6.78,94.24,-0.50,6.76
2023-09-21T10:00:00.000,6.93,104.02,-1.68,6.72
2023-09-21T10:10:00.000,6.02,123.46,-3.32,5.02
2023-09-21T10:20:00.000,5.20,135.00,-3.68,3.68
2023-09-21T10:30:00.000,3.74,12.11,3.66,0.78
2023-09-21T10:40:00.000,5.75,327.65,4.86,-3.08
2023-09-21T10:50:00.000,4.70,356.95,4.69,-0.25
2023-09-21T11:00:00.000,7.63,335.71,6.95,-3.14
2023-09-21T11:10:00.000,5.58,316.77,4.07,-3.83
2023-09-21T11:20:00.000,5.89,355.38,5.88,-0.47
2023-09-21T11:30:00.000,8.66,321.78,6.80,-5.36
2023-09-21T11:40:00.000,8.79,325.76,7.26,-4.94
2023-09-21T11:50:00.000,2.38,232.01,-1.47,-1.88
2023-09-21T12:00:00.000,5.95,294.76,2.49,-5.40
2023-09-21T12:10:00.000,5.08,279.03,0.80,-5.01
2023-09-21T12:20:00.000,3.81,254.78,-1.00,-3.67
2023-09-21T12:30:00.000,4.87,269.15,-0.07,-4.87
2023-09-21T12:40:00.000,3.30,267.72,-0.13,-3.30
2023-09-21T12:50:00.000,5.91,253.86,-1.64,-5.68
2023-09-21T13:00:00.000,5.10,262.25,-0.69,-5.06
2023-09-21T13:10:00.000,3.63,241.25,-1.75,-3.19
2023-09-21T13:20:00.000,4.14,194.75,-4.00,-1.05
2023-09-21T13:30:00.000,2.60,220.94,-1.97,-1.71
2023-09-21T13:40:00.000,2.43,190.99,-2.38,-0.46
2023-09-21T13:50:00.000,4.66,181.50,-4.66,-0.12
2023-09-21T14:00:00.000,3.49,164.59,-3.36,0.93
2023-09-21T14:10:00.000,5.19,165.99,-5.04,1.26
2023-09-21T14:20:00.000,5.85,158.83,-5.46,2.11
2023-09-21T14:30:00.000,5.93,168.52,-5.81,1.18
2023-09-21T14:40:00.000,2.91,144.31,-2.36,1.70
2023-09-21T14:50:00.000,2.90,142.86,-2.31,1.75
2023-09-21T15:00:00.000,2.76,145.66,-2.28,1.56
2023-09-21T15:10:00.000,2.06,17.36,1.96,0.61
2023-09-21T15:20:00.000,4.53,342.42,4.32,-1.37
2023-09-21T15:30:00.000,3.45,305.60,2.01,-2.81
2023-09-21T15:40:00.000,2.64,258.57,-0.52,-2.59
2023-09-21T15:50:00.000,3.78,223.75,-2.73,-2.61
2023-09-21T16:00:00.000,3.90,181.57,-3.89,-0.11
2023-09-21T16:10:00.000,4.27,158.20,-3.96,1.59
2023-09-21T16:20:00.000,3.05,181.51,-3.04,-0.08
2023-09-21T16:30:00.000,5.91,175.29,-5.89,0.49
2023-09-21T16:40:00.000,1.64,226.83,-1.12,-1.20
2023-09-21T16:50:00.000,5.63,176.44,-5.62,0.35
2023-09-21T17:00:00.000,3.23,184.50,-3.22,-0.25
2023-09-21T17:10:00.000,1.41,113.73,-0.57,1.29
2023-09-21T17:20:00.000,2.74,266.71,-0.16,-2.73
2023-09-21T17:30:00.000,3.45,299.83,1.71,-2.99
2023-09-21T17:40:00.000,3.33,325.57,2.74,-1.88
2023-09-21T17:50:00.000,4.17,328.73,3.56,-2.16
2023-09-21T18:00:00.000,3.67,322.64,2.92,-2.23
2023-09-21T18:10:00.000,4.42,96.50,-0.50,4.39
2023-09-21T18:20:00.000,8.18,93.71,-0.53,8.16
2023-09-21T18:30:00.000,6.10,53.03,3.67,4.87
2023-09-21T18:40:00.000,6.59,55.59,3.73,5.44
2023-09-21T18:50:00.000,8.66,80.71,1.40,8.54
2023-09-21T19:00:00.000,4.24,20.84,3.96,1.51
2023-09-21T19:10:00.000,2.54,83.97,0.27,2.53
2023-09-21T19:20:00.000,5.16,53.42,3.07,4.14
2023-09-21T19:30:00.000,2.50,136.52,-1.82,1.72
2023-09-21T19:40:00.000,1.37,195.54,-1.32,-0.37
2023-09-21T19:50:00.000,3.06,356.46,3.05,-0.19
2023-09-21T20:00:00.000,2.46,345.27,2.38,-0.63
2023-09-21T20:10:00.000,5.71,317.93,4.24,-3.83
2023-09-21T20:20:00.000,3.75,316.12,2.70,-2.60
2023-09-21T20:30:00.000,5.03,300.78,2.57,-4.32
2023-09-21T20:40:00.000,3.38,261.38,-0.51,-3.35
2023-09-21T20:50:00.000,4.35,241.86,-2.05,-3.84
2023-09-21T21:00:00.000,2.69,234.11,-1.58,-2.18
2023-09-21T21:10:00.000,2.27,274.84,0.19,-2.26
2023-09-21T21:20:00.000,2.66,33.03,2.23,1.45
2023-09-21T21:30:00.000,1.79,35.31,1.46,1.03
2023-09-21T21:40:00.000,3.43,73.22,0.99,3.29
2023-09-21T21:50:00.000,3.53,140.19,-2.72,2.26
2023-09-21T22:00:00.000,4.35,127.21,-2.63,3.47
2023-09-21T22:10:00.000,3.84,133.08,-2.62,2.80
2023-09-21T22:20:00.000,4.07,130.61,-2.65,3.09
2023-09-21T22:30:00.000,4.36,172.55,-4.32,0.57
2023-09-21T22:40:00.000,2.46,216.10,-1.99,-1.45
2023-09-21T22:50:00.000,2.96,243.44,-1.32,-2.64
2023-09-21T23:00:00.000,1.82,218.97,-1.42,-1.15
2023-09-21T23:10:00.000,3.40,258.09,-0.70,-3.32
2023-09-21T23:20:00.000,2.46,281.49,0.49,-2.41
2023-09-21T23:30:00.000,2.02,265.77,-0.15,-2.01
2023-09-21T23:40:00.000,2.15,240.04,-1.07,-1.86
2023-09-21T23:50:00.000,2.06,227.76,-1.38,-1.52
2023-09-22T00:00:00.000,2.50,295.57,1.08,-2.26
2023-09-22T00:10:00.000,2.50,262.11,-0.34,-2.48
2023-09-22T00:20:00.000,1.63,208.11,-1.44,-0.77
2023-09-22T00:30:00.000,2.30,237.36,-1.24,-1.94
2023-09-22T00:40:00.000,2.54,313.00,1.73,-1.85
2023-09-22T00:50:00.000,2.90,304.82,1.66,-2.38
2023-09-22T01:00:00.000,2.05,275.66,0.20,-2.04
2023-09-22T01:10:00.000,1.76,316.11,1.27,-1.22
2023-09-22T01:20:00.000,0.15,342.58,0.14,-0.04
2023-09-22T01:30:00.000,3.34,291.59,1.23,-3.11
2023-09-22T01:40:00.000,1.36,331.57,1.19,-0.65
2023-09-22T01:50:00.000,3.28,101.43,-0.65,3.22
2023-09-22T02:00:00.000,3.41,89.82,0.01,3.41
2023-09-22T02:10:00.000,3.33,39.02,2.58,2.09
2023-09-22T02:20:00.000,2.75,333.01,2.45,-1.25
2023-09-22T02:30:00.000,2.45,326.58,2.05,-1.35
2023-09-22T02:40:00.000,2.41,321.12,1.88,-1.51
2023-09-22T02:50:00.000,2.44,309.53,1.55,-1.88
2023-09-22T03:00:00.000,1.84,233.35,-1.10,-1.48
2023-09-22T03:10:00.000,1.77,201.94,-1.65,-0.66
2023-09-22T03:20:00.000,0.81,297.08,0.37,-0.72
2023-09-22T03:30:00.000,0.52,108.16,-0.16,0.49
2023-09-22T03:40:00.000,2.01,161.51,-1.90,0.64
2023-09-22T03:50:00.000,2.04,156.41,-1.87,0.82
2023-09-22T04:00:00.000,1.90,284.49,0.48,-1.84
2023-09-22T04:10:00.000,2.26,179.73,-2.26,0.01
2023-09-22T04:20:00.000,0.59,238.10,-0.31,-0.50
2023-09-22T04:30:00.000,2.08,214.04,-1.72,-1.16
2023-09-22T04:40:00.000,1.09,226.12,-0.76,-0.79
2023-09-22T04:50:00.000,0.87,71.85,0.27,0.82
2023-09-22T05:00:00.000,1.84,167.55,-1.80,0.40
2023-09-22T05:10:00.000,1.81,209.92,-1.57,-0.90
2023-09-22T05:20:00.000,1.14,289.10,0.37,-1.08
2023-09-22T05:30:00.000,1.46,204.25,-1.33,-0.60
2023-09-22T05:40:00.000,2.19,138.38,-1.64,1.46
2023-09-22T05:50:00.000,2.41,44.20,1.72,1.68
2023-09-22T06:00:00.000,3.61,71.97,1.12,3.43
2023-09-22T06:10:00.000,3.18,95.35,-0.30,3.16
2023-09-22T06:20:00.000,5.89,101.16,-1.14,5.78
2023-09-22T06:30:00.000,4.37,112.42,-1.67,4.04
2023-09-22T06:40:00.000,3.43,95.44,-0.33,3.41
2023-09-22T06:50:00.000,2.95,63.00,1.34,2.63
2023-09-22T07:00:00.000,2.76,43.12,2.01,1.89
2023-09-22T07:10:00.000,0.74,142.37,-0.59,0.45
2023-09-22T07:20:00.000,5.38,140.41,-4.15,3.43
2023-09-22T07:30:00.000,1.91,88.24,0.06,1.91
2023-09-22T07:40:00.000,3.49,116.81,-1.57,3.11
2023-09-22T07:50:00.000,3.74,117.96,-1.75,3.30
2023-09-22T08:00:00.000,4.53,81.47,0.67,4.48
2023-09-22T08:10:00.000,2.56,29.25,2.24,1.25
2023-09-22T08:20:00.000,2.48,20.09,2.33,0.85
2023-09-22T08:30:00.000,2.44,353.07,2.42,-0.29
2023-09-22T08:40:00.000,4.17,331.60,3.67,-1.98
2023-09-22T08:50:00.000,5.19,325.80,4.29,-2.92
2023-09-22T09:00:00.000,4.00,306.58,2.38,-3.21
2023-09-22T09:10:00.000,3.83,296.04,1.68,-3.44
2023-09-22T09:20:00.000,4.04,293.35,1.60,-3.71
2023-09-22T09:30:00.000,2.88,306.27,1.70,-2.32
2023-09-22T09:40:00.000,2.10,246.29,-0.84,-1.92
2023-09-22T09:50:00.000,1.33,260.19,-0.23,-1.31
2023-09-22T10:00:00.000,1.85,149.34,-1.59,0.94
2023-09-22T10:10:00.000,1.48,126.99,-0.89,1.18
2023-09-22T10:20:00.000,1.59,88.30,0.05,1.59
2023-09-22T10:30:00.000,1.43,92.05,-0.05,1.43
2023-09-22T10:40:00.000,1.58,136.37,-1.15,1.09
2023-09-22T10:50:00.000,1.50,255.65,-0.37,-1.45
2023-09-22T11:00:00.000,1.14,324.87,0.94,-0.66
2023-09-22T11:10:00.000,1.45,262.54,-0.19,-1.43
2023-09-22T11:20:00.000,1.59,294.28,0.65,-1.45
2023-09-22T11:30:00.000,0.91,305.53,0.53,-0.74
2023-09-22T11:40:00.000,1.61,312.53,1.09,-1.19
2023-09-22T11:50:00.000,3.31,306.32,1.96,-2.66
2023-09-22T12:00:00.000,2.69,328.86,2.30,-1.39
2023-09-22T12:10:00.000,2.48,346.39,2.41,-0.58
2023-09-22T12:20:00.000,3.17,336.37,2.91,-1.27
2023-09-22T12:30:00.000,2.73,354.71,2.72,-0.25
2023-09-22T12:40:00.000,2.84,339.77,2.66,-0.98
2023-09-22T12:50:00.000,1.78,245.46,-0.74,-1.62
2023-09-22T13:00:00.000,2.60,254.86,-0.68,-2.51
2023-09-22T13:10:00.000,2.55,175.90,-2.54,0.18
2023-09-22T13:20:00.000,2.24,168.18,-2.19,0.46
2023-09-22T13:30:00.000,2.46,163.29,-2.36,0.71
2023-09-22T13:40:00.000,2.20,176.56,-2.19,0.13
2023-09-22T13:50:00.000,1.41,155.26,-1.28,0.59
2023-09-22T14:00:00.000,2.37,276.55,0.27,-2.36
2023-09-22T14:10:00.000,2.34,309.76,1.49,-1.80
2023-09-22T14:20:00.000,4.17,352.59,4.13,-0.54
2023-09-22T14:30:00.000,4.33,315.03,3.06,-3.06
2023-09-22T14:40:00.000,3.35,321.80,2.63,-2.07
2023-09-22T14:50:00.000,3.60,325.34,2.96,-2.05
2023-09-22T15:00:00.000,1.62,22.21,1.50,0.61
2023-09-22T15:10:00.000,1.96,335.53,1.79,-0.81
2023-09-22T15:20:00.000,0.21,122.96,-0.11,0.17
2023-09-22T15:30:00.000,1.63,172.07,-1.61,0.22
2023-09-22T15:40:00.000,2.59,147.96,-2.20,1.38
2023-09-22T15:50:00.000,5.63,143.51,-4.53,3.35
2023-09-22T16:00:00.000,4.07,123.33,-2.23,3.40
2023-09-22T16:10:00.000,2.03,83.78,0.22,2.02
2023-09-22T16:20:00.000,5.07,169.64,-4.99,0.91
2023-09-22T16:30:00.000,4.32,172.57,-4.28,0.56
2023-09-22T16:40:00.000,1.51,169.71,-1.48,0.27
2023-09-22T16:50:00.000,2.16,265.31,-0.18,-2.16
2023-09-22T17:00:00.000,3.36,339.09,3.14,-1.20
2023-09-22T17:10:00.000,1.58,318.64,1.19,-1.04
2023-09-22T17:20:00.000,4.77,102.33,-1.02,4.66
2023-09-22T17:30:00.000,2.85,79.43,0.52,2.80
2023-09-22T17:40:00.000,5.99,93.09,-0.32,5.98
2023-09-22T17:50:00.000,5.90,92.98,-0.31,5.89
2023-09-22T18:00:00.000,8.02,95.58,-0.78,7.98
2023-09-22T18:10:00.000,4.63,106.21,-1.29,4.45
2023-09-22T18:20:00.000,5.39,97.89,-0.74,5.34
2023-09-22T18:30:00.000,7.27,112.17,-2.74,6.73
2023-09-22T18:40:00.000,5.89,86.91,0.32,5.88
2023-09-22T18:50:00.000,3.02,106.42,-0.85,2.90
2023-09-22T19:00:00.000,2.00,136.08,-1.44,1.39
2023-09-22T19:10:00.000,2.87,108.20,-0.90,2.73
2023-09-22T19:20:00.000,4.46,113.34,-1.77,4.09
2023-09-22T19:30:00.000,5.93,110.03,-2.03,5.57
2023-09-22T19:40:00.000,7.68,105.01,-1.99,7.42
2023-09-22T19:50:00.000,4.10,75.46,1.03,3.97
2023-09-22T20:00:00.000,2.47,353.34,2.46,-0.29
2023-09-22T20:10:00.000,3.27,5.99,3.25,0.34
2023-09-22T20:20:00.000,2.01,295.68,0.87,-1.82
2023-09-22T20:30:00.000,4.29,324.16,3.48,-2.51
2023-09-22T20:40:00.000,2.18,289.81,0.74,-2.05
2023-09-22T20:50:00.000,2.49,270.13,0.01,-2.49
2023-09-22T21:00:00.000,3.44,251.93,-1.07,-3.27
2023-09-22T21:10:00.000,4.62,261.42,-0.69,-4.56
2023-09-22T21:20:00.000,3.31,256.97,-0.75,-3.23
2023-09-22T21:30:00.000,3.56,273.06,0.19,-3.56
2023-09-22T21:40:00.000,2.41,268.36,-0.07,-2.41
2023-09-22T21:50:00.000,2.03,251.72,-0.64,-1.92
2023-09-22T22:00:00.000,0.53,118.87,-0.25,0.46
2023-09-22T22:10:00.000,2.11,54.19,1.23,1.71
2023-09-22T22:20:00.000,2.11,49.48,1.37,1.60
2023-09-22T22:30:00.000,1.39,19.48,1.31,0.46
2023-09-22T22:40:00.000,1.34,90.23,-0.01,1.34
2023-09-22T22:50:00.000,2.74,135.02,-1.94,1.94
2023-09-22T23:00:00.000,1.25,193.32,-1.22,-0.29
2023-09-22T23:10:00.000,1.59,151.98,-1.40,0.75
2023-09-22T23:20:00.000,1.89,229.80,-1.22,-1.44
2023-09-22T23:30:00.000,1.08,244.72,-0.46,-0.98
2023-09-22T23:40:00.000,1.34,251.21,-0.43,-1.27
2023-09-22T23:50:00.000,1.79,215.66,-1.45,-1.04
2023-09-23T00:00:00.000,1.72,227.09,-1.17,-1.26
2023-09-23T00:10:00.000,1.78,253.91,-0.49,-1.71
2023-09-23T00:20:00.000,1.35,188.14,-1.33,-0.19
2023-09-23T00:30:00.000,1.47,129.21,-0.93,1.14
2023-09-23T00:40:00.000,1.26,205.68,-1.13,-0.54
2023-09-23T00:50:00.000,0.65,231.61,-0.40,-0.51
2023-09-23T01:00:00.000,0.45,229.23,-0.29,-0.34
2023-09-23T01:10:00.000,1.55,289.58,0.52,-1.46
2023-09-23T01:20:00.000,2.02,229.04,-1.32,-1.52
2023-09-23T01:30:00.000,0.70,233.18,-0.42,-0.56
2023-09-23T01:40:00.000,0.79,242.19,-0.37,-0.70
2023-09-23T01:50:00.000,1.50,351.36,1.49,-0.23
2023-09-23T02:00:00.000,2.10,66.54,0.83,1.92
2023-09-23T02:10:00.000,1.77,30.02,1.53,0.89
2023-09-23T02:20:00.000,2.54,35.10,2.08,1.46
2023-09-23T02:30:00.000,1.16,260.73,-0.19,-1.14
2023-09-23T02:40:00.000,1.19,178.83,-1.19,0.02
2023-09-23T02:50:00.000,2.15,56.98,1.17,1.80
2023-09-23T03:00:00.000,0.68,41.57,0.51,0.45
2023-09-23T03:10:00.000,0.91,17.85,0.87,0.28
2023-09-23T03:20:00.000,1.41,299.34,0.69,-1.23
2023-09-23T03:30:00.000,1.15,328.41,0.98,-0.60
2023-09-23T03:40:00.000,3.06,335.72,2.79,-1.26
2023-09-23T03:50:00.000,3.47,304.87,1.98,-2.84
2023-09-23T04:00:00.000,2.27,299.28,1.11,-1.98
2023-09-23T04:10:00.000,1.92,304.94,1.10,-1.57
2023-09-23T04:20:00.000,3.01,307.74,1.84,-2.38
2023-09-23T04:30:00.000,3.23,320.69,2.50,-2.04
2023-09-23T04:40:00.000,1.82,273.33,0.11,-1.81
2023-09-23T04:50:00.000,1.36,181.23,-1.36,-0.03
2023-09-23T05:00:00.000,0.79,195.90,-0.76,-0.22
2023-09-23T05:10:00.000,1.53,167.35,-1.49,0.33
2023-09-23T05:20:00.000,5.95,145.51,-4.90,3.37
2023-09-23T05:30:00.000,4.99,143.51,-4.01,2.97
2023-09-23T05:40:00.000,3.28,135.05,-2.32,2.32
2023-09-23T05:50:00.000,3.18,121.90,-1.68,2.70
2023-09-23T06:00:00.000,2.50,142.61,-1.99,1.52
2023-09-23T06:10:00.000,3.95,115.96,-1.73,3.55
2023-09-23T06:20:00.000,6.20,65.57,2.57,5.65
2023-09-23T06:30:00.000,3.96,66.38,1.59,3.63
2023-09-23T06:40:00.000,5.65,80.73,0.91,5.58
2023-09-23T06:50:00.000,6.82,92.77,-0.33,6.81
2023-09-23T07:00:00.000,9.05,100.53,-1.65,8.89
2023-09-23T07:10:00.000,6.89,100.28,-1.23,6.78
2023-09-23T07:20:00.000,5.66,87.03,0.29,5.66
2023-09-23T07:30:00.000,8.16,97.43,-1.06,8.09
2023-09-23T07:40:00.000,3.78,75.04,0.98,3.65
2023-09-23T07:50:00.000,4.35,85.57,0.34,4.33
2023-09-23T08:00:00.000,5.59,126.85,-3.35,4.47
2023-09-23T08:10:00.000,9.09,46.89,6.21,6.64
2023-09-23T08:20:00.000,11.20,355.17,11.16,-0.94
2023-09-23T08:30:00.000,7.42,319.08,5.60,-4.86
2023-09-23T08:40:00.000,8.05,318.34,6.01,-5.35
2023-09-23T08:50:00.000,3.70,38.59,2.89,2.31
2023-09-23T09:00:00.000,0.43,7.27,0.43,0.05
2023-09-23T09:10:00.000,2.49,108.95,-0.81,2.36
2023-09-23T09:20:00.000,2.31,267.73,-0.09,-2.30
2023-09-23T09:30:00.000,2.61,340.20,2.45,-0.88
2023-09-23T09:40:00.000,4.44,349.51,4.37,-0.81
2023-09-23T09:50:00.000,3.86,322.47,3.06,-2.35
2023-09-23T10:00:00.000,3.19,326.25,2.66,-1.77
2023-09-23T10:10:00.000,2.28,332.03,2.01,-1.07
2023-09-23T10:20:00.000,1.55,281.14,0.30,-1.52
2023-09-23T10:30:00.000,1.79,161.97,-1.71,0.56
2023-09-23T10:40:00.000,2.79,182.38,-2.79,-0.12
2023-09-23T10:50:00.000,3.31,120.15,-1.66,2.86
2023-09-23T11:00:00.000,4.06,132.27,-2.73,3.00
2023-09-23T11:10:00.000,1.57,141.38,-1.22,0.98
2023-09-23T11:20:00.000,5.32,148.36,-4.53,2.79
2023-09-23T11:30:00.000,3.40,161.40,-3.22,1.08
2023-09-23T11:40:00.000,3.07,164.39,-2.96,0.83
2023-09-23T11:50:00.000,2.27,212.32,-1.92,-1.22
2023-09-23T12:00:00.000,1.02,198.31,-0.97,-0.32
2023-09-23T12:10:00.000,1.64,1.70,1.63,0.05
2023-09-23T12:20:00.000,1.64,341.74,1.55,-0.51
2023-09-23T12:30:00.000,2.55,318.83,1.92,-1.68
2023-09-23T12:40:00.000,0.90,253.43,-0.26,-0.87
2023-09-23T12:50:00.000,1.47,238.83,-0.76,-1.26
2023-09-23T13:00:00.000,1.24,180.05,-1.24,-0.00
2023-09-23T13:10:00.000,1.74,234.87,-1.00,-1.42
2023-09-23T13:20:00.000,1.09,146.89,-0.91,0.59
2023-09-23T13:30:00.000,1.31,191.95,-1.28,-0.27
2023-09-23T13:40:00.000,1.90,202.03,-1.76,-0.71
2023-09-23T13:50:00.000,1.08,213.08,-0.90,-0.59
2023-09-23T14:00:00.000,1.43,138.66,-1.07,0.94
2023-09-23T14:10:00.000,1.46,164.66,-1.41,0.39
2023-09-23T14:20:00.000,2.21,295.76,0.96,-1.99
2023-09-23T14:30:00.000,2.03,332.60,1.80,-0.93
2023-09-23T14:40:00.000,1.41,291.30,0.51,-1.31
2023-09-23T14:50:00.000,2.65,301.61,1.39,-2.26
2023-09-23T15:00:00.000,1.99,293.44,0.79,-1.82
2023-09-23T15:10:00.000,1.62,211.77,-1.38,-0.86
2023-09-23T15:20:00.000,0.75,168.94,-0.73,0.14
2023-09-23T15:30:00.000,1.67,187.02,-1.66,-0.20
2023-09-23T15:40:00.000,3.63,142.82,-2.89,2.19
2023-09-23T15:50:00.000,3.73,144.67,-3.04,2.16
2023-09-23T16:00:00.000,5.21,154.44,-4.70,2.25
2023-09-23T16:10:00.000,4.24,176.67,-4.23,0.25
2023-09-23T16:20:00.000,2.02,187.33,-2.00,-0.26
2023-09-23T16:30:00.000,2.03,231.95,-1.25,-1.60
2023-09-23T16:40:00.000,1.94,267.23,-0.09,-1.94
2023-09-23T16:50:00.000,2.40,332.96,2.14,-1.09
2023-09-23T17:00:00.000,2.33,334.89,2.11,-0.99
2023-09-23T17:10:00.000,3.48,331.70,3.06,-1.65
2023-09-23T17:20:00.000,2.16,326.31,1.80,-1.20
2023-09-23T17:30:00.000,2.61,220.21,-2.00,-1.69
2023-09-23T17:40:00.000,3.91,166.05,-3.80,0.94
2023-09-23T17:50:00.000,1.99,159.13,-1.86,0.71
2023-09-23T18:00:00.000,3.80,154.80,-3.44,1.62
2023-09-23T18:10:00.000,4.52,157.50,-4.18,1.73
2023-09-23T18:20:00.000,3.26,143.67,-2.63,1.93
2023-09-23T18:30:00.000,3.37,200.94,-3.14,-1.20
2023-09-23T18:40:00.000,1.77,285.57,0.48,-1.71
2023-09-23T18:50:00.000,4.89,95.31,-0.45,4.87
2023-09-23T19:00:00.000,6.21,97.65,-0.83,6.16
2023-09-23T19:10:00.000,7.26,99.50,-1.20,7.16
2023-09-23T19:20:00.000,5.57,85.60,0.43,5.55
2023-09-23T19:30:00.000,5.14,138.17,-3.83,3.43
2023-09-23T19:40:00.000,6.83,65.16,2.87,6.20
2023-09-23T19:50:00.000,6.53,72.01,2.02,6.21
2023-09-23T20:00:00.000,6.30,115.84,-2.75,5.67
2023-09-23T20:10:00.000,10.19,122.41,-5.46,8.61
2023-09-23T20:20:00.000,7.49,98.96,-1.17,7.40
2023-09-23T20:30:00.000,4.94,114.36,-2.04,4.50
2023-09-23T20:40:00.000,11.48,53.39,6.84,9.21
2023-09-23T20:50:00.000,7.79,109.28,-2.57,7.35
2023-09-23T21:00:00.000,7.98,87.45,0.36,7.97
2023-09-23T21:10:00.000,4.36,109.49,-1.45,4.11
2023-09-23T21:20:00.000,5.28,122.81,-2.86,4.44
2023-09-23T21:30:00.000,3.41,130.11,-2.20,2.61
2023-09-23T21:40:00.000,0.83,321.85,0.65,-0.51
2023-09-23T21:50:00.000,1.34,145.08,-1.10,0.77
2023-09-23T22:00:00.000,3.16,314.43,2.21,-2.25
2023-09-23T22:10:00.000,2.76,284.26,0.68,-2.67
2023-09-23T22:20:00.000,1.68,339.84,1.58,-0.58
2023-09-23T22:30:00.000,7.06,319.16,5.34,-4.62
2023-09-23T22:40:00.000,11.11,334.19,10.00,-4.84
2023-09-23T22:50:00.000,10.96,338.91,10.23,-3.94
2023-09-23T23:00:00.000,17.15,330.07,14.86,-8.55
2023-09-23T23:10:00.000,17.71,331.67,15.59,-8.41
2023-09-23T23:20:00.000,10.43,339.23,9.75,-3.70
2023-09-23T23:30:00.000,7.73,332.23,6.84,-3.60
2023-09-23T23:40:00.000,9.39,327.35,7.91,-5.07
2023-09-23T23:50:00.000,5.92,325.62,4.89,-3.34
2023-09-24T00:00:00.000,6.42,346.34,6.24,-1.52
2023-09-24T00:10:00.000,0.70,310.49,0.45,-0.53
2023-09-24T00:20:00.000,2.15,176.18,-2.14,0.14
2023-09-24T00:30:00.000,3.67,170.90,-3.62,0.58
2023-09-24T00:40:00.000,6.49,156.17,-5.94,2.62
2023-09-24T00:50:00.000,5.34,142.04,-4.21,3.28
2023-09-24T01:00:00.000,3.41,159.90,-3.20,1.17
2023-09-24T01:10:00.000,2.88,162.41,-2.75,0.87
2023-09-24T01:20:00.000,1.38,208.53,-1.21,-0.66
2023-09-24T01:30:00.000,0.46,99.27,-0.07,0.45
2023-09-24T01:40:00.000,0.45,28.30,0.39,0.21
2023-09-24T01:50:00.000,2.41,359.40,2.41,-0.03
2023-09-24T02:00:00.000,2.06,350.87,2.03,-0.33
2023-09-24T02:10:00.000,3.42,332.18,3.03,-1.60
2023-09-24T02:20:00.000,3.00,320.16,2.30,-1.92
2023-09-24T02:30:00.000,1.65,341.13,1.56,-0.53
2023-09-24T02:40:00.000,1.71,2.28,1.71,0.07
2023-09-24T02:50:00.000,2.70,195.52,-2.61,-0.72
2023-09-24T03:00:00.000,2.42,122.47,-1.30,2.04
2023-09-24T03:10:00.000,3.54,181.94,-3.53,-0.12
2023-09-24T03:20:00.000,4.44,265.65,-0.34,-4.42
2023-09-24T03:30:00.000,2.94,227.83,-1.97,-2.18
2023-09-24T03:40:00.000,1.91,278.94,0.30,-1.89
2023-09-24T03:50:00.000,3.81,257.16,-0.85,-3.72
2023-09-24T04:00:00.000,2.12,254.39,-0.57,-2.04
2023-09-24T04:10:00.000,1.67,180.66,-1.67,-0.02
2023-09-24T04:20:00.000,4.53,151.91,-3.99,2.13
2023-09-24T04:30:00.000,7.21,145.03,-5.91,4.13
2023-09-24T04:40:00.000,5.83,166.29,-5.66,1.38
2023-09-24T04:50:00.000,5.28,168.15,-5.17,1.08
2023-09-24T05:00:00.000,0.77,216.35,-0.62,-0.45
2023-09-24T05:10:00.000,1.66,42.78,1.22,1.13
2023-09-24T05:20:00.000,0.66,110.28,-0.23,0.62
2023-09-24T05:30:00.000,1.04,47.96,0.70,0.78
2023-09-24T05:40:00.000,2.90,8.37,2.87,0.42
2023-09-24T05:50:00.000,3.84,326.92,3.21,-2.09
2023-09-24T06:00:00.000,3.90,335.17,3.54,-1.64
2023-09-24T06:10:00.000,5.17,338.15,4.80,-1.93
2023-09-24T06:20:00.000,3.34,271.48,0.09,-3.34
2023-09-24T06:30:00.000,2.03,318.24,1.51,-1.35
2023-09-24T06:40:00.000,1.86,327.64,1.57,-0.99
2023-09-24T06:50:00.000,1.36,314.93,0.96,-0.96
2023-09-24T07:00:00.000,2.19,135.62,-1.56,1.53
2023-09-24T07:10:00.000,1.07,145.14,-0.87,0.61
2023-09-24T07:20:00.000,3.46,138.50,-2.59,2.29
2023-09-24T07:30:00.000,6.64,163.08,-6.35,1.93
2023-09-24T07:40:00.000,6.65,146.96,-5.57,3.62
2023-09-24T07:50:00.000,6.05,123.03,-3.30,5.07
2023-09-24T08:00:00.000,1.77,182.10,-1.77,-0.06
2023-09-24T08:10:00.000,4.52,158.23,-4.19,1.68
2023-09-24T08:20:00.000,5.61,141.44,-4.39,3.50
2023-09-24T08:30:00.000,4.39,123.22,-2.41,3.67
2023-09-24T08:40:00.000,6.79,86.63,0.40,6.77
2023-09-24T08:50:00.000,4.97,77.14,1.11,4.84
2023-09-24T09:00:00.000,12.06,90.41,-0.09,12.06
2023-09-24T09:10:00.000,9.36,73.18,2.71,8.96
2023-09-24T09:20:00.000,6.26,51.31,3.91,4.89
2023-09-24T09:30:00.000,6.21,49.64,4.02,4.74
2023-09-24T09:40:00.000,1.76,65.44,0.73,1.60
2023-09-24T09:50:00.000,7.46,105.74,-2.02,7.18
2023-09-24T10:00:00.000,7.51,96.06,-0.79,7.47
2023-09-24T10:10:00.000,6.55,86.21,0.43,6.54
2023-09-24T10:20:00.000,5.15,91.25,-0.11,5.15
2023-09-24T10:30:00.000,7.95,87.95,0.28,7.95
2023-09-24T10:40:00.000,2.50,5.86,2.49,0.26
2023-09-24T10:50:00.000,2.54,6.83,2.52,0.30
2023-09-24T11:00:00.000,3.87,345.52,3.74,-0.97
2023-09-24T11:10:00.000,5.58,319.00,4.21,-3.66
2023-09-24T11:20:00.000,5.90,308.38,3.66,-4.62
2023-09-24T11:30:00.000,5.93,295.28,2.53,-5.36
2023-09-24T11:40:00.000,3.85,198.52,-3.65,-1.22
2023-09-24T11:50:00.000,3.97,222.06,-2.95,-2.66
2023-09-24T12:00:00.000,2.55,260.63,-0.42,-2.51
2023-09-24T12:10:00.000,1.92,167.03,-1.87,0.43
2023-09-24T12:20:00.000,1.83,129.87,-1.17,1.40
2023-09-24T12:30:00.000,3.61,93.75,-0.24,3.61
2023-09-24T12:40:00.000,4.09,129.62,-2.61,3.15
2023-09-24T12:50:00.000,5.38,135.49,-3.84,3.77
2023-09-24T13:00:00.000,3.53,255.61,-0.88,-3.42
2023-09-24T13:10:00.000,3.82,333.77,3.42,-1.69
2023-09-24T13:20:00.000,2.48,317.61,1.83,-1.67
2023-09-24T13:30:00.000,3.72,318.41,2.79,-2.47
2023-09-24T13:40:00.000,4.08,302.05,2.17,-3.46
2023-09-24T13:50:00.000,4.44,315.53,3.17,-3.11
2023-09-24T14:00:00.000,2.14,247.65,-0.82,-1.98
2023-09-24T14:10:00.000,3.22,330.53,2.80,-1.58
2023-09-24T14:20:00.000,5.05,343.44,4.84,-1.44
2023-09-24T14:30:00.000,3.29,295.29,1.41,-2.98
2023-09-24T14:40:00.000,4.43,325.32,3.64,-2.52
2023-09-24T14:50:00.000,4.24,321.59,3.32,-2.63
2023-09-24T15:00:00.000,3.27,304.62,1.86,-2.69
2023-09-24T15:10:00.000,3.64,310.33,2.35,-2.77
2023-09-24T15:20:00.000,5.14,277.87,0.70,-5.09
2023-09-24T15:30:00.000,3.81,349.09,3.74,-0.72
2023-09-24T15:40:00.000,1.69,243.95,-0.74,-1.52
2023-09-24T15:50:00.000,2.58,239.13,-1.32,-2.21
2023-09-24T16:00:00.000,4.66,223.67,-3.37,-3.22
2023-09-24T16:10:00.000,3.42,210.49,-2.95,-1.74
2023-09-24T16:20:00.000,4.16,178.85,-4.16,0.08
2023-09-24T16:30:00.000,2.90,214.13,-2.40,-1.63
2023-09-24T16:40:00.000,4.51,198.00,-4.29,-1.39
2023-09-24T16:50:00.000,4.52,210.35,-3.90,-2.28
2023-09-24T17:00:00.000,1.23,266.14,-0.08,-1.23
2023-09-24T17:10:00.000,1.79,218.68,-1.39,-1.12
2023-09-24T17:20:00.000,3.40,38.56,2.66,2.12
2023-09-24T17:30:00.000,3.06,26.49,2.74,1.36
2023-09-24T17:40:00.000,5.52,74.29,1.50,5.31
2023-09-24T17:50:00.000,7.96,74.43,2.14,7.66
2023-09-24T18:00:00.000,3.10,102.37,-0.66,3.03
2023-09-24T18:10:00.000,3.13,258.49,-0.62,-3.06
2023-09-24T18:20:00.000,2.39,248.22,-0.89,-2.22
2023-09-24T18:30:00.000,4.83,205.30,-4.37,-2.06
2023-09-24T18:40:00.000,4.84,172.60,-4.80,0.62
2023-09-24T18:50:00.000,4.15,150.30,-3.61,2.06
2023-09-24T19:00:00.000,3.02,162.72,-2.88,0.90
2023-09-24T19:10:00.000,3.73,139.86,-2.85,2.41
2023-09-24T19:20:00.000,4.18,157.57,-3.86,1.59
2023-09-24T19:30:00.000,4.78,141.57,-3.74,2.97
2023-09-24T19:40:00.000,6.23,125.48,-3.62,5.07
2023-09-24T19:50:00.000,7.92,110.14,-2.73,7.44
2023-09-24T20:00:00.000,7.79,101.31,-1.53,7.64
2023-09-24T20:10:00.000,10.19,98.69,-1.54,10.08
2023-09-24T20:20:00.000,9.42,97.84,-1.28,9.33
2023-09-24T20:30:00.000,9.59,86.52,0.58,9.57
2023-09-24T20:40:00.000,6.85,76.46,1.60,6.66
2023-09-24T20:50:00.000,7.28,102.27,-1.55,7.12
2023-09-24T21:00:00.000,5.34,87.95,0.19,5.34
2023-09-24T21:10:00.000,3.68,96.59,-0.42,3.66
2023-09-24T21:20:00.000,5.67,95.98,-0.59,5.64
2023-09-24T21:30:00.000,4.41,141.95,-3.48,2.72
2023-09-24T21:40:00.000,5.98,82.01,0.83,5.93
2023-09-24T21:50:00.000,5.74,94.23,-0.42,5.72
2023-09-24T22:00:00.000,8.25,107.38,-2.47,7.88
2023-09-24T22:10:00.000,7.24,118.44,-3.45,6.37
2023-09-24T22:20:00.000,4.56,150.46,-3.97,2.25
2023-09-24T22:30:00.000,2.84,177.07,-2.84,0.15
2023-09-24T22:40:00.000,3.10,179.65,-3.10,0.02
2023-09-24T22:50:00.000,3.32,290.74,1.18,-3.11
2023-09-24T23:00:00.000,1.51,242.94,-0.68,-1.34
2023-09-24T23:10:00.000,1.95,260.69,-0.32,-1.93
2023-09-24T23:20:00.000,3.46,304.55,1.96,-2.85
2023-09-24T23:30:00.000,3.96,311.17,2.61,-2.98
2023-09-24T23:40:00.000,4.89,323.03,3.90,-2.94
2023-09-24T23:50:00.000,4.54,311.67,3.02,-3.39
2023-09-25T00:00:00.000,4.14,271.10,0.08,-4.14
2023-09-25T00:10:00.000,1.56,278.19,0.22,-1.54
2023-09-25T00:20:00.000,1.72,221.77,-1.28,-1.15
2023-09-25T00:30:00.000,1.74,115.92,-0.76,1.57
2023-09-25T00:40:00.000,3.07,90.74,-0.04,3.07
2023-09-25T00:50:00.000,2.24,61.21,1.08,1.97
2023-09-25T01:00:00.000,1.70,256.85,-0.39,-1.65
2023-09-25T01:10:00.000,0.95,291.20,0.34,-0.89
2023-09-25T01:20:00.000,1.52,298.34,0.72,-1.34
2023-09-25T01:30:00.000,2.48,342.80,2.37,-0.73
2023-09-25T01:40:00.000,1.57,280.07,0.27,-1.55
2023-09-25T01:50:00.000,2.47,317.36,1.82,-1.67
2023-09-25T02:00:00.000,1.30,24.26,1.18,0.53
2023-09-25T02:10:00.000,0.86,158.01,-0.80,0.32
2023-09-25T02:20:00.000,2.90,194.60,-2.81,-0.73
2023-09-25T02:30:00.000,1.62,288.72,0.52,-1.54
2023-09-25T02:40:00.000,2.74,262.92,-0.34,-2.72
2023-09-25T02:50:00.000,2.72,298.33,1.29,-2.40
2023-09-25T03:00:00.000,4.10,348.26,4.01,-0.83
2023-09-25T03:10:00.000,3.65,303.75,2.03,-3.03
2023-09-25T03:20:00.000,4.92,298.37,2.34,-4.33
2023-09-25T03:30:00.000,3.26,292.46,1.25,-3.01
2023-09-25T03:40:00.000,4.26,304.04,2.39,-3.53
2023-09-25T03:50:00.000,3.59,283.05,0.81,-3.50
2023-09-25T04:00:00.000,4.69,292.56,1.80,-4.33
2023-09-25T04:10:00.000,4.76,320.54,3.68,-3.03
2023-09-25T04:20:00.000,5.48,277.25,0.69,-5.44
2023-09-25T04:30:00.000,10.71,280.46,1.94,-10.53
2023-09-25T04:40:00.000,4.31,339.45,4.04,-1.51
2023-09-25T04:50:00.000,8.53,275.59,0.83,-8.49
2023-09-25T05:00:00.000,4.47,244.06,-1.95,-4.02
2023-09-25T05:10:00.000,6.57,214.24,-5.43,-3.69
2023-09-25T05:20:00.000,4.19,191.44,-4.11,-0.83
2023-09-25T05:30:00.000,6.24,242.89,-2.84,-5.55
2023-09-25T05:40:00.000,3.82,241.41,-1.83,-3.35
2023-09-25T05:50:00.000,5.03,251.03,-1.64,-4.76
2023-09-25T06:00:00.000,2.59,223.66,-1.87,-1.79
2023-09-25T06:10:00.000,3.20,184.18,-3.19,-0.23
2023-09-25T06:20:00.000,4.73,161.96,-4.50,1.46
2023-09-25T06:30:00.000,2.98,195.58,-2.87,-0.80
2023-09-25T06:40:00.000,3.18,147.87,-2.69,1.69
2023-09-25T06:50:00.000,4.39,153.61,-3.93,1.95
2023-09-25T07:00:00.000,3.37,163.23,-3.22,0.97
2023-09-25T07:10:00.000,5.83,140.13,-4.48,3.74
2023-09-25T07:20:00.000,4.26,157.34,-3.93,1.64
2023-09-25T07:30:00.000,3.89,148.50,-3.32,2.03
2023-09-25T07:40:00.000,4.07,148.65,-3.48,2.12
2023-09-25T07:50:00.000,1.46,189.44,-1.44,-0.24
2023-09-25T08:00:00.000,1.65,345.21,1.60,-0.42
2023-09-25T08:10:00.000,3.26,333.11,2.91,-1.48
2023-09-25T08:20:00.000,0.75,60.96,0.36,0.66
2023-09-25T08:30:00.000,2.82,145.84,-2.34,1.58
2023-09-25T08:40:00.000,4.46,116.70,-2.00,3.98
2023-09-25T08:50:00.000,5.51,143.18,-4.41,3.30
2023-09-25T09:00:00.000,6.88,130.13,-4.43,5.26
2023-09-25T09:10:00.000,6.75,126.22,-3.99,5.44
2023-09-25T09:20:00.000,6.43,120.79,-3.29,5.52
2023-09-25T09:30:00.000,7.62,91.90,-0.25,7.62
2023-09-25T09:40:00.000,9.77,117.61,-4.53,8.65
2023-09-25T09:50:00.000,9.11,87.47,0.40,9.10
2023-09-25T10:00:00.000,8.45,90.53,-0.08,8.45
2023-09-25T10:10:00.000,5.05,91.88,-0.17,5.05
2023-09-25T10:20:00.000,4.79,88.37,0.14,4.78
2023-09-25T10:30:00.000,4.18,42.99,3.06,2.85
2023-09-25T10:40:00.000,3.45,84.19,0.35,3.43
2023-09-25T10:50:00.000,7.38,71.70,2.32,7.01
2023-09-25T11:00:00.000,3.83,41.09,2.88,2.52
2023-09-25T11:10:00.000,4.72,92.54,-0.21,4.71
2023-09-25T11:20:00.000,2.44,69.28,0.86,2.29
2023-09-25T11:30:00.000,1.83,66.08,0.74,1.67
2023-09-25T11:40:00.000,1.21,189.78,-1.19,-0.21
2023-09-25T11:50:00.000,1.61,339.75,1.51,-0.56
2023-09-25T12:00:00.000,1.56,332.41,1.38,-0.72
2023-09-25T12:10:00.000,3.62,299.04,1.76,-3.17
2023-09-25T12:20:00.000,4.73,304.27,2.66,-3.91
2023-09-25T12:30:00.000,5.57,308.11,3.44,-4.38
2023-09-25T12:40:00.000,4.78,330.59,4.17,-2.35
2023-09-25T12:50:00.000,4.69,312.94,3.19,-3.43
2023-09-25T13:00:00.000,5.17,39.74,3.98,3.31
2023-09-25T13:10:00.000,4.38,74.16,1.19,4.21
2023-09-25T13:20:00.000,4.82,98.43,-0.71,4.77
2023-09-25T13:30:00.000,6.32,103.69,-1.50,6.14
2023-09-25T13:40:00.000,6.35,104.26,-1.56,6.15
2023-09-25T13:50:00.000,6.57,80.76,1.05,6.48
2023-09-25T14:00:00.000,9.50,77.88,1.99,9.29
2023-09-25T14:10:00.000,3.93,75.99,0.95,3.82
2023-09-25T14:20:00.000,66.06,0.87,66.06,1.00
2023-09-25T14:30:00.000,65.04,287.83,19.92,-61.92
2023-09-25T14:40:00.000,65.55,269.32,-0.78,-65.55
2023-09-25T14:50:00.000,65.52,270.90,1.03,-65.51
2023-09-25T15:00:00.000,65.58,270.91,1.04,-65.57
2023-09-25T15:10:00.000,16.11,299.88,8.03,-13.97
