date,Site,mean_temp_c,mean_temp_f,Year
2019-06-28T00:00:00Z,HI,11.745434782608696,53.14260869565217,2019
2019-06-29T00:00:00Z,HI,11.616979166666667,52.911145833333336,2019
2019-06-30T00:00:00Z,HI,11.2025,52.16409574468085,2019
2019-07-01T00:00:00Z,HI,11.287083333333333,52.317083333333336,2019
2019-07-02T00:00:00Z,HI,11.29421875,52.33015625,2019
2019-07-03T00:00:00Z,HI,11.587083333333334,52.857083333333335,2019
2019-07-04T00:00:00Z,HI,11.559895833333334,52.80869791666667,2019
2019-07-05T00:00:00Z,HI,11.539791666666666,52.77234375,2019
2019-07-06T00:00:00Z,HI,11.533177083333333,52.75989583333333,2019
2019-07-07T00:00:00Z,HI,11.559427083333333,52.806875,2019
2019-07-08T00:00:00Z,HI,11.88765625,53.39869791666666,2019
2019-07-09T00:00:00Z,HI,12.16640625,53.90088541666667,2019
2019-07-10T00:00:00Z,HI,12.179947916666666,53.925625,2019
2019-07-11T00:00:00Z,HI,12.403958333333334,54.328541666666666,2019
2019-07-12T00:00:00Z,HI,12.24046875,54.034375,2019
2019-07-13T00:00:00Z,HI,12.337395833333334,54.20854166666667,2019
2019-07-14T00:00:00Z,HI,12.361927083333333,54.2528125,2019
2019-07-15T00:00:00Z,HI,12.49453125,54.49135416666667,2019
2019-07-16T00:00:00Z,HI,12.417447916666667,54.353177083333335,2019
2019-07-17T00:00:00Z,HI,12.877968749999999,55.18109375,2019
2019-07-18T00:00:00Z,HI,12.790416666666667,55.02380208333334,2019
2019-07-19T00:00:00Z,HI,12.915208333333334,55.248125,2019
2019-07-20T00:00:00Z,HI,13.292291666666667,55.9265625,2019
2019-07-21T00:00:00Z,HI,13.39578125,56.11208333333333,2019
2019-07-22T00:00:00Z,HI,12.978697916666667,55.36171875,2019
2019-07-23T00:00:00Z,HI,13.361822916666666,56.05088541666667,2019
2019-07-24T00:00:00Z,HI,13.517864583333333,56.3315625,2019
2019-07-25T00:00:00Z,HI,13.77265625,56.79015625,2019
2019-07-26T00:00:00Z,HI,13.74671875,56.74401041666667,2019
2019-07-27T00:00:00Z,HI,14.076145833333333,57.335520833333334,2019
2019-07-28T00:00:00Z,HI,14.0634375,57.31296875,2019
2019-07-29T00:00:00Z,HI,13.80265625,56.84427083333333,2019
2019-07-30T00:00:00Z,HI,13.610572916666667,56.499322916666664,2019
2019-07-31T00:00:00Z,HI,13.621666666666666,56.51875,2019
2019-08-01T00:00:00Z,HI,13.52890625,56.35161458333334,2019
2019-08-02T00:00:00Z,HI,13.203645833333333,55.76614583333333,2019
2019-08-03T00:00:00Z,HI,13.148125,55.666302083333335,2019
2019-08-04T00:00:00Z,HI,13.161979166666667,55.692135416666666,2019
2019-08-05T00:00:00Z,HI,13.1296875,55.63369791666667,2019
2019-08-06T00:00:00Z,HI,13.193229166666667,55.74796875,2019
2019-08-07T00:00:00Z,HI,13.4065625,56.131510416666664,2019
2019-08-08T00:00:00Z,HI,13.5346875,56.36213541666667,2019
2019-08-09T00:00:00Z,HI,13.950625,57.10947916666667,2019
2019-08-10T00:00:00Z,HI,13.781354166666667,56.80640625,2019
2019-08-11T00:00:00Z,HI,13.607552083333333,56.49296875,2019
2019-08-12T00:00:00Z,HI,13.58203125,56.446979166666665,2019
2019-08-13T00:00:00Z,HI,13.442395833333334,56.19541666666667,2019
2019-08-14T00:00:00Z,HI,13.53640625,56.365260416666665,2019
2019-08-15T00:00:00Z,HI,14.114374999999999,57.404635416666665,2019
2019-08-16T00:00:00Z,HI,14.307447916666666,57.751927083333335,2019
2019-08-17T00:00:00Z,HI,14.290677083333334,57.72145833333333,2019
2019-08-18T00:00:00Z,HI,14.229479166666666,57.61213541666667,2019
2019-08-19T00:00:00Z,HI,14.295052083333333,57.730000000000004,2019
2019-08-20T00:00:00Z,HI,14.313072916666666,57.762447916666666,2019
2019-08-21T00:00:00Z,HI,14.310833333333333,57.75760416666667,2019
2019-08-22T00:00:00Z,HI,14.3815625,57.88583333333333,2019
2019-08-23T00:00:00Z,HI,14.391927083333334,57.9034375,2019
2019-08-24T00:00:00Z,HI,14.185885416666666,57.53276041666667,2019
2019-08-25T00:00:00Z,HI,14.529583333333333,58.15203125,2019
2019-08-26T00:00:00Z,HI,14.706145833333334,58.47046875,2019
2019-08-27T00:00:00Z,HI,14.556822916666667,58.20067708333333,2019
2019-08-28T00:00:00Z,HI,14.22234375,57.598958333333336,2019
2019-08-29T00:00:00Z,HI,13.951979166666666,57.113125,2019
2019-08-30T00:00:00Z,HI,13.904427083333333,57.02760416666667,2019
2019-08-31T00:00:00Z,HI,14.02234375,57.23885416666667,2019
2019-09-01T00:00:00Z,HI,13.757864583333333,56.76453125,2019
2019-09-02T00:00:00Z,HI,13.629270833333333,56.531666666666666,2019
2019-09-03T00:00:00Z,HI,13.706979166666667,56.672552083333336,2019
2019-09-04T00:00:00Z,HI,13.665104166666667,56.59703125,2019
2019-09-05T00:00:00Z,HI,13.786666666666667,56.814739583333335,2019
2019-09-06T00:00:00Z,HI,13.684114583333333,56.630260416666665,2019
2019-09-07T00:00:00Z,HI,13.50296875,56.30520833333333,2019
2019-09-08T00:00:00Z,HI,13.603697916666667,56.486041666666665,2019
2019-09-09T00:00:00Z,HI,15.390677083333333,59.70234375,2019
2019-09-23T00:00:00Z,HI,13.7725,56.78927083333333,2019
2019-09-24T00:00:00Z,HI,13.702083333333333,56.662083333333335,2019
2019-09-25T00:00:00Z,HI,13.402708333333333,56.123125,2019
2019-09-26T00:00:00Z,HI,13.497291666666667,56.2940625,2019
2019-09-27T00:00:00Z,HI,13.542083333333334,56.37625,2019
2019-09-28T00:00:00Z,HI,13.4740625,56.25385416666666,2019
2019-09-29T00:00:00Z,HI,13.484583333333333,56.273020833333334,2019
2019-09-30T00:00:00Z,HI,13.093854166666667,55.568958333333335,2019
2019-10-01T00:00:00Z,HI,12.977291666666668,55.3596875,2019
2019-10-02T00:00:00Z,HI,12.980520833333333,55.3646875,2019
2019-10-03T00:00:00Z,HI,12.688854166666667,54.83979166666667,2019
2019-10-04T00:00:00Z,HI,12.544583333333334,54.579166666666666,2019
2019-10-05T00:00:00Z,HI,12.3515625,54.235,2019
2019-10-06T00:00:00Z,HI,12.378541666666667,54.28302083333333,2019
2019-10-07T00:00:00Z,HI,12.561770833333334,54.61177083333333,2019
2019-10-08T00:00:00Z,HI,12.678333333333333,54.8215625,2019
2019-10-09T00:00:00Z,HI,12.548229166666667,54.58625,2019
2019-10-10T00:00:00Z,HI,12.440729166666667,54.395833333333336,2019
2019-10-12T00:00:00Z,HI,12.348125,54.22895833333333,2019
2019-10-13T00:00:00Z,HI,12.367708333333333,54.26260416666666,2019
2019-10-15T00:00:00Z,HI,12.4375,54.390208333333334,2019
2019-10-16T00:00:00Z,HI,12.328645833333333,54.192812499999995,2019
2019-10-17T00:00:00Z,HI,12.346979166666667,54.226979166666666,2019
2019-10-18T00:00:00Z,HI,12.1984375,53.9578125,2019
2019-10-19T00:00:00Z,HI,11.997604166666667,53.59739583333333,2019
2019-10-20T00:00:00Z,HI,11.900729166666666,53.42427083333333,2019
2019-10-21T00:00:00Z,HI,11.953854166666668,53.51864583333333,2019
2019-10-22T00:00:00Z,HI,12.013229166666667,53.625729166666666,2019
2019-10-23T00:00:00Z,HI,12.086145833333333,53.75791666666667,2019
2019-10-24T00:00:00Z,HI,12.066770833333333,53.721041666666665,2019
2019-10-25T00:00:00Z,HI,12.0078125,53.61364583333334,2019
2019-10-26T00:00:00Z,HI,11.986041666666667,53.576458333333335,2019
2019-10-27T00:00:00Z,HI,11.782708333333334,53.21104166666667,2019
2019-10-28T00:00:00Z,HI,11.687916666666666,53.0375,2019
2019-10-29T00:00:00Z,HI,11.683958333333333,53.02916666666667,2019
2019-10-30T00:00:00Z,HI,11.718229166666667,53.09322916666667,2019
2019-10-31T00:00:00Z,HI,11.798541666666667,53.23979166666667,2019
2019-11-01T00:00:00Z,HI,11.92125,53.457708333333336,2019
2019-11-02T00:00:00Z,HI,11.655729166666667,52.9815625,2019
2019-11-03T00:00:00Z,HI,11.5959375,52.87260416666667,2019
2019-11-04T00:00:00Z,HI,11.401562499999999,52.52364583333333,2019
2019-11-05T00:00:00Z,HI,11.298124999999999,52.335520833333334,2019
2019-11-06T00:00:00Z,HI,11.262916666666667,52.2728125,2019
2019-11-07T00:00:00Z,HI,11.175625,52.115833333333335,2019
2019-11-08T00:00:00Z,HI,10.8384375,51.5084375,2019
2019-11-09T00:00:00Z,HI,10.3803125,50.683125,2019
2019-11-10T00:00:00Z,HI,10.065104166666666,50.117916666666666,2019
2019-11-12T00:00:00Z,HI,10.0478125,50.085520833333334,2019
2019-11-13T00:00:00Z,HI,9.384270833333334,48.89114583333333,2019
2019-11-14T00:00:00Z,HI,9.396145833333334,48.914479166666666,2019
2019-11-15T00:00:00Z,HI,9.443020833333334,48.997395833333336,2019
2019-11-16T00:00:00Z,HI,8.797604166666666,47.835625,2019
2019-11-17T00:00:00Z,HI,8.802708333333333,47.84520833333333,2019
2019-11-18T00:00:00Z,HI,8.8965625,48.01479166666667,2019
2019-11-19T00:00:00Z,HI,8.7753125,47.796458333333334,2019
2019-11-20T00:00:00Z,HI,8.8341666666666665,47.903958333333335,2019
2019-11-21T00:00:00Z,HI,8.938645833333334,48.090833333333336,2019
2019-11-22T00:00:00Z,HI,9.108125000000001,48.39458333333334,2019
2019-11-23T00:00:00Z,HI,8.6175,47.51177083333334,2019
2019-11-24T00:00:00Z,HI,8.6678125,47.60177083333333,2019
2019-11-25T00:00:00Z,HI,8.6403125,47.552395833333335,2019
2019-11-26T00:00:00Z,HI,8.794479166666667,47.83177083333334,2019
2019-11-27T00:00:00Z,HI,8.849479166666667,47.92916666666667,2019
2019-11-28T00:00:00Z,HI,8.712916666666667,47.682812500000004,2019
2019-11-29T00:00:00Z,HI,8.263645833333333,46.87447916666667,2019
2019-11-30T00:00:00Z,HI,7.547083333333333,45.58260416666667,2019
2019-12-01T00:00:00Z,HI,7.214166666666666,44.9834375,2019
2019-12-02T00:00:00Z,HI,7.2015625,44.9609375,2019
2019-12-03T00:00:00Z,HI,6.7755238095238095,44.19504761904762,2019
2019-12-04T00:00:00Z,HI,6.902760416666667,44.424791666666664,2019
2019-12-05T00:00:00Z,HI,7.0438020833333335,44.67763020833333,2019
2019-12-06T00:00:00Z,HI,6.797552083333334,44.23494791666667,2019
2019-12-07T00:00:00Z,HI,6.662890625,43.99265625,2019
2019-12-08T00:00:00Z,HI,6.440546875,43.59265625,2019
2019-12-09T00:00:00Z,HI,6.285234375,43.3134375,2019
2019-12-10T00:00:00Z,HI,6.593828125,43.86799479166667,2019
2019-12-11T00:00:00Z,HI,6.34359375,43.417942708333335,2019
2019-12-12T00:00:00Z,HI,6.101614583333333,42.98296875,2019
2019-12-13T00:00:00Z,HI,6.239609375,43.23135416666667,2019
2019-12-14T00:00:00Z,HI,6.51703125,43.730546875,2019
2019-12-15T00:00:00Z,HI,6.440745341614907,43.594202898550726,2019
2019-12-16T00:00:00Z,HI,5.947946428571429,42.706116071428575,2019
2019-12-18T00:00:00Z,HI,5.6355803571428575,42.14372023809524,2019
2019-12-19T00:00:00Z,HI,5.285684523809524,41.51605654761905,2019
2019-12-20T00:00:00Z,HI,4.955863095238095,40.922202380952385,2019
2019-12-21T00:00:00Z,HI,5.155907738095238,41.28244047619048,2019
2019-12-22T00:00:00Z,HI,5.4297321428571435,41.776607142857145,2019
2019-12-23T00:00:00Z,HI,5.517991071428572,41.933705357142856,2019
2019-12-24T00:00:00Z,HI,5.357038690476191,41.643973214285715,2019
2019-12-25T00:00:00Z,HI,5.4601339285714285,41.82949404761905,2019
2019-12-26T00:00:00Z,HI,5.430267857142858,41.776339285714286,2019
2019-12-27T00:00:00Z,HI,5.411681547619048,41.743630952380954,2019
2019-12-28T00:00:00Z,HI,5.047916666666667,41.088616071428575,2019
2019-12-29T00:00:00Z,HI,5.145059523809524,41.263020833333336,2019
2019-12-30T00:00:00Z,HI,5.245223214285715,41.4436755952381,2019
2019-12-31T00:00:00Z,HI,4.997529761904762,40.99729166666667,2019
2020-01-01T00:00:00Z,HI,4.935491071428571,40.8853125,2020
2020-01-02T00:00:00Z,HI,4.897738095238095,40.819002976190475,2020
2020-01-03T00:00:00Z,HI,5.130014880952381,41.23672619047619,2020
2020-01-04T00:00:00Z,HI,5.264508928571429,41.47886904761905,2020
2020-01-05T00:00:00Z,HI,5.064598214285714,41.11767857142857,2020
2020-01-06T00:00:00Z,HI,4.822619047619048,40.682157738095235,2020
2020-01-08T00:00:00Z,HI,4.775431547619047,40.59651785714286,2020
2020-01-09T00:00:00Z,HI,4.401235119047619,39.9225,2020
2020-01-10T00:00:00Z,HI,4.519449404761905,40.13529761904762,2020
2020-01-11T00:00:00Z,HI,4.636904761904762,40.34575892857143,2020
2020-01-12T00:00:00Z,HI,4.67735119047619,40.4196875,2020
2020-01-13T00:00:00Z,HI,4.587217261904762,40.257574404761904,2020
2020-01-14T00:00:00Z,HI,4.679032738095238,40.42239583333333,2020
2020-01-15T00:00:00Z,HI,4.770491071428571,40.587559523809524,2020
2020-01-16T00:00:00Z,HI,4.687946428571428,40.438363095238095,2020
2020-01-17T00:00:00Z,HI,4.150342261904762,39.47052083333333,2020
2020-01-18T00:00:00Z,HI,3.764032738095238,38.77415178571429,2020
2020-01-19T00:00:00Z,HI,3.967172619047619,39.14008928571428,2020
2020-01-20T00:00:00Z,HI,3.6269940476190476,38.52787202380952,2020
2020-01-21T00:00:00Z,HI,3.5305208333333336,38.3546875,2020
2020-01-22T00:00:00Z,HI,3.728764880952381,38.710252976190475,2020
2020-01-23T00:00:00Z,HI,3.8064285714285715,38.850252976190475,2020
2020-01-24T00:00:00Z,HI,3.938377976190476,39.08824404761905,2020
2020-01-25T00:00:00Z,HI,3.9431547619047618,39.096979166666664,2020
2020-01-26T00:00:00Z,HI,3.847797619047619,38.921815476190474,2020
2020-01-27T00:00:00Z,HI,3.798943452380952,38.83659226190476,2020
2020-01-28T00:00:00Z,HI,3.7811755952380954,38.80522321428571,2020
2020-01-29T00:00:00Z,HI,3.7573809523809523,38.761964285714285,2020
2020-01-30T00:00:00Z,HI,3.711875,38.68020833333333,2020
2020-01-31T00:00:00Z,HI,3.7921130952380953,38.82400297619048,2020
2020-02-01T00:00:00Z,HI,3.8748809523809524,38.972812499999996,2020
2020-02-02T00:00:00Z,HI,3.8300595238095236,38.891875,2020
2020-02-03T00:00:00Z,HI,3.7255505952380954,38.705729166666664,2020
2020-02-04T00:00:00Z,HI,3.717529761904762,38.690669642857145,2020
2020-02-05T00:00:00Z,HI,3.7411160714285714,38.733377976190475,2020
2020-02-06T00:00:00Z,HI,3.6264285714285713,38.526830357142856,2020
2020-02-07T00:00:00Z,HI,3.262886904761905,37.870758928571426,2020
2020-02-08T00:00:00Z,HI,2.9504464285714285,37.31090773809524,2020
2020-02-09T00:00:00Z,HI,3.113764880952381,37.604732142857145,2020
2020-02-10T00:00:00Z,HI,3.368720238095238,38.06266369047619,2020
2020-02-11T00:00:00Z,HI,3.365372023809524,38.05650297619048,2020
2020-02-12T00:00:00Z,HI,3.4579017857142857,38.223035714285714,2020
2020-02-13T00:00:00Z,HI,3.5642113095238095,38.41348214285714,2020
2020-02-14T00:00:00Z,HI,3.3215922619047618,37.977247023809525,2020
2020-02-15T00:00:00Z,HI,3.1088095238095237,37.595505952380954,2020
2020-02-16T00:00:00Z,HI,3.032127976190476,37.45717261904762,2020
2020-02-17T00:00:00Z,HI,3.040848214285714,37.47296130952381,2020
2020-02-18T00:00:00Z,HI,2.9427232142857145,37.29581845238095,2020
2020-02-19T00:00:00Z,HI,2.9794940476190477,37.362470238095234,2020
2020-02-20T00:00:00Z,HI,2.5594642857142857,36.607529761904765,2020
2020-02-21T00:00:00Z,HI,2.430863095238095,36.37650297619047,2020
2020-02-22T00:00:00Z,HI,2.4626339285714285,36.43436011904762,2020
2020-02-23T00:00:00Z,HI,2.5929315476190475,36.66584821428572,2020
2020-02-24T00:00:00Z,HI,2.789717261904762,37.02041666666667,2020
2020-02-25T00:00:00Z,HI,2.9061607142857144,37.230758928571426,2020
2020-02-26T00:00:00Z,HI,3.0081845238095237,37.415595238095236,2020
2020-02-27T00:00:00Z,HI,2.9992113095238095,37.39952380952381,2020
2020-02-28T00:00:00Z,HI,2.785014880952381,37.01313988095238,2020
2020-02-29T00:00:00Z,HI,2.689345238095238,36.839776785714285,2020
2020-03-01T00:00:00Z,HI,2.6448214285714284,36.76043154761905,2020
2020-03-02T00:00:00Z,HI,2.8479464285714284,37.12627976190476,2020
2020-03-03T00:00:00Z,HI,3.1651190476190476,37.6960119047619,2020
2020-03-04T00:00:00Z,HI,3.3130654761904763,37.96169642857143,2020
2020-03-05T00:00:00Z,HI,3.197886904761905,37.75675595238095,2020
2020-03-06T00:00:00Z,HI,3.365967261904762,38.05858630952381,2020
2020-03-07T00:00:00Z,HI,3.223125,37.80181547619048,2020
2020-03-08T00:00:00Z,HI,3.2472530864197533,37.844413580246915,2020
2020-03-10T00:00:00Z,HI,3.5355059523809524,38.36257440476191,2020
2020-03-11T00:00:00Z,HI,3.7288988095238094,38.71001488095238,2020
2020-03-12T00:00:00Z,HI,3.806264880952381,38.84974702380952,2020
2020-03-13T00:00:00Z,HI,3.916889880952381,39.04943452380952,2020
2020-03-14T00:00:00Z,HI,3.992514880952381,39.185252976190476,2020
2020-03-15T00:00:00Z,HI,3.9626636904761905,39.131369047619046,2020
2020-03-16T00:00:00Z,HI,3.8613690476190476,38.94921130952381,2020
2020-03-17T00:00:00Z,HI,3.8036607142857144,38.84556547619048,2020
2020-03-18T00:00:00Z,HI,3.8467559523809522,38.92306547619047,2020
2020-03-19T00:00:00Z,HI,3.8420238095238095,38.913110119047616,2020
2020-03-20T00:00:00Z,HI,3.933184523809524,39.07825892857143,2020
2020-03-21T00:00:00Z,HI,3.943020833333333,39.09626488095238,2020
2020-03-22T00:00:00Z,HI,3.811547619047619,38.859568452380955,2020
2020-03-23T00:00:00Z,HI,3.7652529761904763,38.77644345238095,2020
2020-03-24T00:00:00Z,HI,3.7514732142857143,38.75141369047619,2020
2020-03-25T00:00:00Z,HI,3.8154464285714287,38.866815476190474,2020
2020-03-26T00:00:00Z,HI,3.943422619047619,39.09733630952381,2020
2020-03-27T00:00:00Z,HI,4.102291666666667,39.38563988095238,2020
2020-03-28T00:00:00Z,HI,4.175982142857143,39.51733630952381,2020
2020-03-29T00:00:00Z,HI,4.242872023809524,39.638020833333336,2020
2020-03-30T00:00:00Z,HI,4.17422619047619,39.51340773809524,2020
2020-03-31T00:00:00Z,HI,4.108184523809524,39.39418154761905,2020
2020-04-01T00:00:00Z,HI,4.1242857142857146,39.4238244047619,2020
2020-04-02T00:00:00Z,HI,4.095535714285714,39.371607142857144,2020
2020-04-03T00:00:00Z,HI,4.220372023809524,39.59657738095238,2020
2020-04-04T00:00:00Z,HI,4.364002976190476,39.85514880952381,2020
2020-04-05T00:00:00Z,HI,4.440848214285714,39.994032738095235,2020
2020-04-06T00:00:00Z,HI,4.611324404761905,40.300267857142856,2020
2020-04-07T00:00:00Z,HI,4.640327380952381,40.353095238095236,2020
2020-04-08T00:00:00Z,HI,4.733139880952381,40.521145833333335,2020
2020-04-09T00:00:00Z,HI,4.690877976190476,40.44342261904762,2020
2020-04-10T00:00:00Z,HI,4.556845238095238,40.203199404761904,2020
2020-04-11T00:00:00Z,HI,4.499717261904762,40.09943452380952,2020
2020-04-12T00:00:00Z,HI,4.592678571428571,40.26672619047619,2020
2020-04-13T00:00:00Z,HI,4.793110119047618,40.62913690476191,2020
2020-04-14T00:00:00Z,HI,5.170848214285714,41.30925595238095,2020
2020-04-16T00:00:00Z,HI,5.368184523809524,41.66427083333333,2020
2020-04-17T00:00:00Z,HI,5.31077380952381,41.56209821428571,2020
2020-04-18T00:00:00Z,HI,5.1984375,41.35927083333333,2020
2020-04-19T00:00:00Z,HI,5.3836160714285715,41.69169642857143,2020
2020-04-20T00:00:00Z,HI,5.709761904761905,42.27827380952381,2020
2020-04-21T00:00:00Z,HI,5.3210863095238095,41.580044642857146,2020
2020-04-22T00:00:00Z,HI,5.301532738095238,41.54412202380952,2020
2020-04-23T00:00:00Z,HI,5.2101636904761905,41.379419642857144,2020
2020-04-24T00:00:00Z,HI,5.2628125,41.47504464285714,2020
2020-04-25T00:00:00Z,HI,5.553958333333333,41.99732142857143,2020
2020-04-26T00:00:00Z,HI,5.7830803571428575,42.4109375,2020
2020-04-27T00:00:00Z,HI,5.584806547619047,42.05300595238095,2020
2020-04-28T00:00:00Z,HI,5.422619047619048,41.76248511904762,2020
2020-04-29T00:00:00Z,HI,5.583705357142858,42.05123511904762,2020
2020-04-30T00:00:00Z,HI,5.74266369047619,42.33672619047619,2020
2020-05-01T00:00:00Z,HI,5.797514880952381,42.43767857142857,2020
2020-05-02T00:00:00Z,HI,6.1335565476190474,43.041785714285716,2020
2020-05-03T00:00:00Z,HI,6.020044642857143,42.83665178571429,2020
2020-05-04T00:00:00Z,HI,6.168943452380952,43.104107142857146,2020
2020-05-05T00:00:00Z,HI,6.16546130952381,43.09855654761905,2020
2020-05-06T00:00:00Z,HI,6.181130952380952,43.12516369047619,2020
2020-05-07T00:00:00Z,HI,6.576889880952381,43.837068452380954,2020
2020-05-08T00:00:00Z,HI,6.607172619047619,43.892604166666665,2020
2020-05-09T00:00:00Z,HI,6.457708333333334,43.623333333333335,2020
2020-06-22T00:00:00Z,HI,12.23,54.0125,2020
2020-06-23T00:00:00Z,HI,12.245416666666667,54.043124999999996,2020
2020-06-24T00:00:00Z,HI,11.977500000000001,53.56041666666667,2020
2020-06-25T00:00:00Z,HI,12.249375,54.049791666666664,2020
2020-06-26T00:00:00Z,HI,12.268958333333334,54.085208333333334,2020
2020-06-27T00:00:00Z,HI,12.3025,54.146458333333335,2020
2020-06-27T00:00:00Z,NH,12.64625,54.76291666666667,2020
2020-06-28T00:00:00Z,HI,12.393958333333334,54.30979166666667,2020
2020-06-28T00:00:00Z,NH,12.587916666666667,54.66,2020
2020-06-29T00:00:00Z,HI,12.52125,54.54083333333333,2020
2020-06-29T00:00:00Z,NH,12.292291666666667,54.12770833333333,2020
2020-06-30T00:00:00Z,HI,12.508333333333333,54.516666666666666,2020
2020-06-30T00:00:00Z,NH,11.782083333333333,53.210208333333334,2020
2020-07-01T00:00:00Z,HI,12.465208333333333,54.43895833333333,2020
2020-07-01T00:00:00Z,NH,11.783541666666666,53.21270833333333,2020
2020-07-01T00:00:00Z,ST,12.272083333333333,54.09125,2020
2020-07-02T00:00:00Z,HI,12.520833333333334,54.53916666666667,2020
2020-07-02T00:00:00Z,NH,11.9375,53.488749999999996,2020
2020-07-02T00:00:00Z,ST,12.35125,54.23458333333333,2020
2020-07-03T00:00:00Z,HI,12.580833333333333,54.648125,2020
2020-07-03T00:00:00Z,NH,12.444166666666666,54.400625,2020
2020-07-03T00:00:00Z,ST,12.430416666666666,54.376666666666665,2020
2020-07-04T00:00:00Z,HI,12.50125,54.50333333333333,2020
2020-07-04T00:00:00Z,NH,12.220208333333334,53.99854166666667,2020
2020-07-04T00:00:00Z,ST,12.585416666666667,54.653333333333336,2020
2020-07-05T00:00:00Z,HI,12.468333333333334,54.44416666666667,2020
2020-07-05T00:00:00Z,NH,12.279583333333333,54.104166666666664,2020
2020-07-05T00:00:00Z,ST,12.563333333333333,54.614583333333336,2020
2020-07-06T00:00:00Z,HI,12.568541666666667,54.624375,2020
2020-07-06T00:00:00Z,NH,12.414791666666666,54.34791666666666,2020
2020-07-06T00:00:00Z,ST,12.57625,54.63916666666667,2020
2020-07-07T00:00:00Z,HI,12.687916666666666,54.83979166666666,2020
2020-07-07T00:00:00Z,NH,12.623333333333333,54.72354166666667,2020
2020-07-07T00:00:00Z,ST,12.81375,55.065,2020
2020-07-08T00:00:00Z,HI,12.605,54.68833333333333,2020
2020-07-08T00:00:00Z,NH,12.661249999999999,54.791666666666664,2020
2020-07-08T00:00:00Z,ST,12.82625,55.0875,2020
2020-07-09T00:00:00Z,HI,12.7475,54.94583333333333,2020
2020-07-09T00:00:00Z,NH,12.765416666666667,54.979375,2020
2020-07-09T00:00:00Z,ST,12.759583333333333,54.965833333333336,2020
2020-07-10T00:00:00Z,HI,13.03125,55.458125,2020
2020-07-10T00:00:00Z,NH,12.815208333333333,55.06729166666667,2020
2020-07-10T00:00:00Z,ST,12.901666666666667,55.2225,2020
2020-07-11T00:00:00Z,HI,13.579166666666667,56.44166666666667,2020
2020-07-11T00:00:00Z,NH,12.742083333333333,54.936458333333334,2020
2020-07-11T00:00:00Z,ST,13.15875,55.68541666666667,2020
2020-07-12T00:00:00Z,HI,13.908125,57.031875,2020
2020-07-12T00:00:00Z,NH,12.69875,54.859375,2020
2020-07-12T00:00:00Z,ST,13.31875,55.973333333333336,2020
2020-07-13T00:00:00Z,HI,14.049791666666668,57.28916666666667,2020
2020-07-13T00:00:00Z,NH,13.147083333333333,55.66520833333333,2020
2020-07-13T00:00:00Z,ST,12.949583333333333,55.30916666666667,2020
2020-07-14T00:00:00Z,HI,13.942916666666667,57.096875,2020
2020-07-14T00:00:00Z,NH,13.452708333333334,56.21270833333333,2020
2020-07-14T00:00:00Z,ST,12.9275,55.27041666666667,2020
2020-07-15T00:00:00Z,HI,14.275208333333333,57.69541666666667,2020
2020-07-15T00:00:00Z,NH,13.255416666666667,55.859791666666666,2020
2020-07-15T00:00:00Z,ST,13.230833333333333,55.81625,2020
2020-07-16T00:00:00Z,HI,14.494166666666667,58.08833333333333,2020
2020-07-16T00:00:00Z,NH,13.081666666666667,55.5475,2020
2020-07-16T00:00:00Z,ST,13.310416666666667,55.959583333333335,2020
2020-07-17T00:00:00Z,HI,14.415625,57.94625,2020
2020-07-17T00:00:00Z,NH,13.10375,55.587916666666665,2020
2020-07-17T00:00:00Z,ST,13.586666666666666,56.45458333333333,2020
2020-07-18T00:00:00Z,HI,14.61125,58.29875,2020
2020-07-18T00:00:00Z,NH,13.17625,55.71791666666667,2020
2020-07-18T00:00:00Z,ST,13.439583333333333,56.19083333333333,2020
2020-07-19T00:00:00Z,HI,14.33375,57.799791666666664,2020
2020-07-19T00:00:00Z,NH,13.818958333333333,56.873333333333335,2020
2020-07-19T00:00:00Z,ST,13.397499999999999,56.11333333333333,2020
2020-07-20T00:00:00Z,HI,14.197708333333333,57.555416666666666,2020
2020-07-20T00:00:00Z,NH,13.575833333333334,56.435833333333335,2020
2020-07-20T00:00:00Z,ST,13.312916666666666,55.96333333333333,2020
2020-07-21T00:00:00Z,HI,14.126041666666666,57.424791666666664,2020
2020-07-21T00:00:00Z,NH,14.631666666666666,58.335625,2020
2020-07-21T00:00:00Z,ST,13.342083333333333,56.016666666666666,2020
2020-07-22T00:00:00Z,HI,13.84125,56.9125,2020
2020-07-22T00:00:00Z,NH,14.326041666666667,57.78520833333334,2020
2020-07-22T00:00:00Z,ST,13.26875,55.885,2020
2020-07-23T00:00:00Z,HI,14.13125,57.434375,2020
2020-07-23T00:00:00Z,NH,13.833541666666667,56.899375,2020
2020-07-23T00:00:00Z,ST,13.409166666666668,56.13625,2020
2020-07-24T00:00:00Z,HI,14.289583333333333,57.719375,2020
2020-07-24T00:00:00Z,NH,13.685833333333333,56.634791666666665,2020
2020-07-24T00:00:00Z,ST,13.4625,56.233333333333334,2020
2020-07-25T00:00:00Z,HI,14.106875,57.39145833333333,2020
2020-07-25T00:00:00Z,NH,13.69,56.64125,2020
2020-07-25T00:00:00Z,ST,13.551666666666666,56.39083333333333,2020
2020-07-26T00:00:00Z,HI,14.110416666666667,57.3975,2020
2020-07-26T00:00:00Z,NH,13.72375,56.70125,2020
2020-07-26T00:00:00Z,ST,13.587083333333334,56.455416666666665,2020
2020-07-27T00:00:00Z,HI,14.016666666666667,57.229166666666664,2020
2020-07-27T00:00:00Z,NH,13.978333333333333,57.159375,2020
2020-07-27T00:00:00Z,ST,13.564583333333333,56.41625,2020
2020-07-28T00:00:00Z,HI,13.958541666666667,57.12416666666667,2020
2020-07-28T00:00:00Z,NH,14.294375,57.729166666666664,2020
2020-07-28T00:00:00Z,ST,13.65125,56.57125,2020
2020-07-29T00:00:00Z,HI,14.101875,57.38291666666667,2020
2020-07-29T00:00:00Z,NH,14.260833333333332,57.66770833333333,2020
2020-07-29T00:00:00Z,ST,13.76,56.76958333333333,2020
2020-07-30T00:00:00Z,HI,14.335416666666667,57.802708333333335,2020
2020-07-30T00:00:00Z,NH,14.1402,57.45,2020
2020-07-30T00:00:00Z,ST,13.670833333333333,56.60583333333334,2020
2020-07-31T00:00:00Z,HI,14.540625,58.17166666666667,2020
2020-07-31T00:00:00Z,NH,14.37625,57.874375,2020
2020-07-31T00:00:00Z,ST,13.710833333333333,56.68,2020
2020-08-01T00:00:00Z,HI,14.635625000000001,58.34229166666667,2020
2020-08-01T00:00:00Z,NH,14.345416666666667,57.819583333333334,2020
2020-08-01T00:00:00Z,ST,13.771666666666667,56.78916666666667,2020
2020-08-02T00:00:00Z,HI,14.634375,58.34125,2020
2020-08-02T00:00:00Z,NH,14.327708333333334,57.78729166666667,2020
2020-08-02T00:00:00Z,ST,13.938333333333333,57.08833333333333,2020
2020-08-03T00:00:00Z,HI,14.944583333333334,58.89854166666667,2020
2020-08-03T00:00:00Z,NH,14.127083333333333,57.42791666666667,2020
2020-08-03T00:00:00Z,ST,14.174583333333333,57.51416666666667,2020
2020-08-04T00:00:00Z,HI,14.636041666666667,58.341875,2020
2020-08-04T00:00:00Z,NH,15.321458333333334,59.57895833333333,2020
2020-08-04T00:00:00Z,ST,13.971666666666666,57.14666666666667,2020
2020-08-05T00:00:00Z,HI,14.474375,58.053125,2020
2020-08-05T00:00:00Z,NH,14.558958333333333,58.204791666666665,2020
2020-08-05T00:00:00Z,ST,14.32875,57.78958333333333,2020
2020-08-06T00:00:00Z,HI,14.557083333333333,58.20166666666667,2020
2020-08-06T00:00:00Z,NH,14.765833333333333,58.576875,2020
2020-08-06T00:00:00Z,ST,14.224583333333333,57.604166666666664,2020
2020-08-07T00:00:00Z,HI,14.41,57.935833333333335,2020
2020-08-07T00:00:00Z,NH,15.148125,59.26645833333333,2020
2020-08-07T00:00:00Z,ST,14.27375,57.690416666666664,2020
2020-08-08T00:00:00Z,HI,14.556875,58.200208333333336,2020
2020-08-08T00:00:00Z,NH,14.980833333333333,58.96479166666666,2020
2020-08-08T00:00:00Z,ST,14.49125,58.083333333333336,2020
2020-08-09T00:00:00Z,HI,14.768958333333334,58.583333333333336,2020
2020-08-09T00:00:00Z,NH,14.679166666666667,58.420833333333334,2020
2020-08-09T00:00:00Z,ST,14.553333333333333,58.19541666666667,2020
2020-08-10T00:00:00Z,HI,15.086041666666667,59.154583333333335,2020
2020-08-10T00:00:00Z,NH,14.582083333333333,58.24520833333333,2020
2020-08-10T00:00:00Z,ST,14.700833333333334,58.46,2020
2020-08-11T00:00:00Z,HI,15.431041666666667,59.77729166666667,2020
2020-08-11T00:00:00Z,NH,14.5275,58.146875,2020
2020-08-11T00:00:00Z,ST,14.957083333333333,58.9225,2020
2020-08-12T00:00:00Z,HI,15.782708333333334,60.40979166666667,2020
2020-08-12T00:00:00Z,NH,14.364583333333334,57.855625,2020
2020-08-12T00:00:00Z,ST,15.052,59.092,2020
2020-08-13T00:00:00Z,HI,15.862291666666666,60.5525,2020
2020-08-13T00:00:00Z,NH,14.567916666666667,58.221666666666664,2020
2020-08-14T00:00:00Z,HI,15.799791666666668,60.439166666666665,2020
2020-08-14T00:00:00Z,NH,14.405208333333333,57.928333333333335,2020
2020-08-15T00:00:00Z,HI,15.96875,60.745416666666664,2020
2020-08-15T00:00:00Z,NH,14.618333333333334,58.311458333333334,2020
2020-08-16T00:00:00Z,HI,15.936041666666666,60.68625,2020
2020-08-16T00:00:00Z,NH,14.267083333333334,57.67916666666667,2020
2020-08-17T00:00:00Z,HI,15.879166666666666,60.583333333333336,2020
2020-08-17T00:00:00Z,NH,14.76,58.566875,2020
2020-08-18T00:00:00Z,HI,15.554375,59.997083333333336,2020
2020-08-18T00:00:00Z,NH,14.836666666666666,58.70520833333333,2020
2020-08-19T00:00:00Z,HI,15.427083333333334,59.76708333333333,2020
2020-08-19T00:00:00Z,NH,15.245416666666667,59.441875,2020
2020-08-20T00:00:00Z,HI,15.120625,59.21541666666667,2020
2020-08-20T00:00:00Z,NH,15.456458333333334,59.8225,2020
2020-08-21T00:00:00Z,HI,15.005833333333333,59.01,2020
2020-08-21T00:00:00Z,NH,15.405,59.72875,2020
2020-08-22T00:00:00Z,HI,14.915208333333334,58.846041666666665,2020
2020-08-22T00:00:00Z,NH,15.440625,59.79354166666667,2020
2020-08-23T00:00:00Z,HI,14.913125,58.844375,2020
2020-08-23T00:00:00Z,NH,15.225416666666666,59.405625,2020
2020-08-24T00:00:00Z,HI,14.9575,58.922916666666666,2020
2020-08-24T00:00:00Z,NH,15.271666666666667,59.488958333333336,2020
2020-08-25T00:00:00Z,HI,15.110833333333334,59.199375,2020
2020-08-25T00:00:00Z,NH,15.069791666666667,59.126041666666666,2020
2020-08-26T00:00:00Z,HI,15.013958333333333,59.024375,2020
2020-08-26T00:00:00Z,NH,15.134791666666667,59.24270833333333,2020
2020-08-27T00:00:00Z,HI,14.535,58.16125,2020
2020-08-27T00:00:00Z,NH,14.97875,58.96145833333333,2020
2020-08-28T00:00:00Z,HI,14.336666666666666,57.80416666666667,2020
2020-08-28T00:00:00Z,NH,14.6788,58.42,2020
2020-08-29T00:00:00Z,HI,14.044166666666666,57.278333333333336,2020
2020-08-29T00:00:00Z,NH,14.562916666666666,58.211666666666666,2020
2020-08-30T00:00:00Z,HI,14.211666666666666,57.57958333333333,2020
2020-08-30T00:00:00Z,NH,14.370416666666667,57.86375,2020
2020-08-31T00:00:00Z,HI,14.073333333333332,57.330625,2020
2020-08-31T00:00:00Z,NH,14.457916666666666,58.022083333333335,2020
2020-09-01T00:00:00Z,HI,13.843214285714286,56.91571428571429,2020
2020-09-01T00:00:00Z,NH,14.504166666666666,58.10458333333333,2020
2020-09-02T00:00:00Z,NH,14.437083333333334,57.985416666666666,2020
2020-09-03T00:00:00Z,NH,14.405416666666667,57.92875,2020
2020-09-04T00:00:00Z,NH,14.510833333333334,58.117916666666666,2020
2020-09-05T00:00:00Z,NH,14.690416666666668,58.44,2020
2020-09-06T00:00:00Z,NH,14.745000000000001,58.54083333333333,2020
2020-09-07T00:00:00Z,NH,14.835416666666667,58.70291666666667,2020
2020-09-08T00:00:00Z,NH,14.8125,58.662083333333335,2020
2020-09-09T00:00:00Z,NH,15.04375,59.07875,2020
2020-09-10T00:00:00Z,NH,15.100416666666666,59.18,2020
2020-09-11T00:00:00Z,NH,15.228333333333333,59.412083333333335,2020
2020-09-12T00:00:00Z,NH,14.865833333333333,58.75833333333333,2020
2020-09-13T00:00:00Z,NH,14.55,58.18833333333333,2020
2020-09-14T00:00:00Z,NH,14.595,58.26958333333334,2020
2020-09-15T00:00:00Z,NH,14.77875,58.600833333333334,2020
2020-09-16T00:00:00Z,NH,14.49125,58.08291666666667,2020
2020-09-17T00:00:00Z,NH,14.50125,58.099583333333335,2020
2020-09-18T00:00:00Z,NH,14.444583333333334,57.998333333333335,2020
2020-09-19T00:00:00Z,NH,14.063749999999999,57.31166666666667,2020
2020-09-20T00:00:00Z,NH,13.781666666666666,56.805416666666666,2020
2020-09-21T00:00:00Z,NH,13.630833333333333,56.535833333333336,2020
2020-09-22T00:00:00Z,NH,13.432500000000001,56.17916666666667,2020
2020-09-23T00:00:00Z,NH,13.315416666666668,55.96666666666667,2020
2020-09-24T00:00:00Z,NH,13.445416666666667,56.202083333333334,2020
2021-07-06T00:00:00Z,HI,13.012692307692308,55.42230769230769,2021
2021-07-07T00:00:00Z,HI,13.318125,55.970625,2021
2021-07-08T00:00:00Z,HI,13.123333333333333,55.619479166666665,2021
2021-07-08T00:00:00Z,ST,13.51,56.316428571428574,2021
2021-07-09T00:00:00Z,HI,13.2175,55.79083333333333,2021
2021-07-09T00:00:00Z,ST,13.637500000000001,56.547916666666666,2021
2021-07-10T00:00:00Z,HI,13.5509375,56.38979166666667,2021
2021-07-10T00:00:00Z,ST,13.600416666666666,56.47895833333333,2021
2021-07-11T00:00:00Z,HI,13.6128125,56.50208333333333,2021
2021-07-11T00:00:00Z,ST,13.727708333333334,56.71041666666667,2021
2021-07-12T00:00:00Z,HI,13.511145833333334,56.31760416666667,2021
2021-07-12T00:00:00Z,ST,13.623541666666666,56.522708333333334,2021
2021-07-13T00:00:00Z,HI,13.589375,56.46104166666667,2021
2021-07-13T00:00:00Z,ST,13.6975,56.656666666666666,2021
2021-07-14T00:00:00Z,HI,13.743020833333333,56.737291666666664,2021
2021-07-14T00:00:00Z,ST,13.844166666666666,56.919375,2021
2021-07-15T00:00:00Z,HI,13.723125,56.701145833333335,2021
2021-07-15T00:00:00Z,ST,13.757708333333333,56.76479166666667,2021
2021-07-16T00:00:00Z,HI,13.833229166666667,56.89989583333333,2021
2021-07-16T00:00:00Z,ST,13.849375,56.93083333333333,2021
2021-07-17T00:00:00Z,HI,13.777916666666666,56.80052083333334,2021
2021-07-17T00:00:00Z,ST,13.803541666666666,56.848333333333336,2021
2021-07-18T00:00:00Z,HI,13.5603125,56.408854166666664,2021
2021-07-18T00:00:00Z,ST,13.801874999999999,56.844375,2021
2021-07-19T00:00:00Z,HI,13.650416666666667,56.57416666666666,2021
2021-07-19T00:00:00Z,ST,13.81625,56.869166666666665,2021
2021-07-20T00:00:00Z,HI,13.750833333333333,56.75145833333333,2021
2021-07-20T00:00:00Z,ST,13.825625,56.88729166666667,2021
2021-07-21T00:00:00Z,HI,13.835208333333332,56.900416666666665,2021
2021-07-21T00:00:00Z,ST,13.87875,56.98020833333334,2021
2021-07-22T00:00:00Z,HI,13.924895833333332,57.06520833333333,2021
2021-07-22T00:00:00Z,ST,13.936041666666666,57.08541666666667,2021
2021-07-23T00:00:00Z,HI,13.853541666666667,56.935625,2021
2021-07-23T00:00:00Z,ST,13.9225,57.060208333333335,2021
2021-07-24T00:00:00Z,HI,13.8965625,57.012395833333336,2021
2021-07-24T00:00:00Z,ST,14.00625,57.211666666666666,2021
2021-07-25T00:00:00Z,HI,13.858541666666666,56.94541666666667,2021
2021-07-25T00:00:00Z,ST,14.08625,57.355625,2021
2021-07-26T00:00:00Z,HI,13.943854166666666,57.098333333333336,2021
2021-07-26T00:00:00Z,ST,14.004583333333333,57.21208333333333,2021
2021-07-27T00:00:00Z,HI,13.968020833333334,57.14177083333333,2021
2021-07-27T00:00:00Z,ST,14.189583333333333,57.54125,2021
2021-07-28T00:00:00Z,HI,13.937083333333334,57.086875,2021
2021-07-28T00:00:00Z,ST,14.292291666666667,57.724583333333335,2021
2021-07-29T00:00:00Z,HI,14.057708333333334,57.30416666666667,2021
2021-07-29T00:00:00Z,ST,14.46125,58.03041666666667,2021
2021-07-30T00:00:00Z,HI,14.345,57.819583333333334,2021
2021-07-30T00:00:00Z,ST,14.592083333333333,58.26645833333333,2021
2021-07-31T00:00:00Z,HI,14.472604166666667,58.049479166666664,2021
2021-07-31T00:00:00Z,ST,14.333541666666667,57.80083333333333,2021
2021-08-01T00:00:00Z,HI,14.409895833333334,57.936458333333334,2021
2021-08-01T00:00:00Z,ST,14.469791666666667,58.04479166666667,2021
2021-08-02T00:00:00Z,HI,14.503958333333333,58.107395833333335,2021
2021-08-02T00:00:00Z,ST,14.734791666666666,58.5225,2021
2021-08-03T00:00:00Z,HI,14.870000000000001,58.768229166666664,2021
2021-08-03T00:00:00Z,ST,14.955625,58.920208333333335,2021
2021-08-04T00:00:00Z,HI,14.982604166666667,58.96760416666667,2021
2021-08-04T00:00:00Z,ST,14.957708333333333,58.923541666666665,2021
2021-08-05T00:00:00Z,HI,15.020833333333334,59.03625,2021
2021-08-05T00:00:00Z,ST,15.211666666666666,59.38270833333333,2021
2021-08-06T00:00:00Z,HI,15.302916666666667,59.5440625,2021
2021-08-06T00:00:00Z,ST,15.284166666666668,59.51166666666666,2021
2021-08-07T00:00:00Z,HI,15.2628125,59.473125,2021
2021-08-07T00:00:00Z,ST,15.200833333333334,59.36083333333333,2021
2021-08-08T00:00:00Z,HI,15.132083333333334,59.23791666666666,2021
2021-08-08T00:00:00Z,ST,14.995625,58.991458333333334,2021
2021-08-09T00:00:00Z,HI,15.227604166666667,59.409479166666664,2021
2021-08-09T00:00:00Z,ST,15.111458333333333,59.2,2021
2021-08-10T00:00:00Z,HI,15.485208333333334,59.87385416666667,2021
2021-08-10T00:00:00Z,ST,15.135416666666666,59.24270833333333,2021
2021-08-11T00:00:00Z,HI,15.342500000000001,59.614895833333335,2021
2021-08-11T00:00:00Z,ST,14.9925,58.98458333333333,2021
2021-08-12T00:00:00Z,HI,15.28125,59.506458333333335,2021
2021-08-12T00:00:00Z,ST,14.858125000000001,58.745625,2021
2021-08-13T00:00:00Z,HI,15.403541666666667,59.728854166666665,2021
2021-08-13T00:00:00Z,ST,14.952083333333334,58.913125,2021
2021-08-14T00:00:00Z,HI,15.288854166666667,59.520208333333336,2021
2021-08-14T00:00:00Z,ST,15.098541666666666,59.174375,2021
2021-08-15T00:00:00Z,HI,15.138541666666667,59.24979166666667,2021
2021-08-15T00:00:00Z,ST,15.130208333333334,59.231875,2021
2021-08-16T00:00:00Z,HI,15.067499999999999,59.11986111111111,2021
2021-08-16T00:00:00Z,ST,15.183541666666667,59.32791666666667,2021
2021-08-17T00:00:00Z,HI,15.188333333333333,59.340833333333336,2021
2021-08-17T00:00:00Z,NH,15.360689655172413,59.65,2021
2021-08-17T00:00:00Z,ST,15.309166666666666,59.55479166666667,2021
2021-08-18T00:00:00Z,HI,15.287708333333335,59.517916666666665,2021
2021-08-18T00:00:00Z,NH,15.562291666666667,60.01208333333334,2021
2021-08-18T00:00:00Z,ST,15.587169811320754,60.05698113207547,2021
2021-08-19T00:00:00Z,HI,15.207916666666668,59.37416666666667,2021
2021-08-19T00:00:00Z,NH,15.979791666666667,60.76291666666667,2021
2021-08-19T00:00:00Z,ST,15.427708333333333,59.770833333333336,2021
2021-08-20T00:00:00Z,HI,15.166666666666666,59.301458333333336,2021
2021-08-20T00:00:00Z,NH,15.807291666666666,60.451458333333335,2021
2021-08-20T00:00:00Z,ST,15.440833333333334,59.79354166666667,2021
2021-08-21T00:00:00Z,HI,15.19875,59.357708333333335,2021
2021-08-21T00:00:00Z,NH,15.706458333333334,60.27125,2021
2021-08-21T00:00:00Z,ST,15.466458333333334,59.83979166666667,2021
2021-08-22T00:00:00Z,HI,15.308125,59.553333333333335,2021
2021-08-22T00:00:00Z,NH,15.421458333333334,59.759791666666665,2021
2021-08-22T00:00:00Z,ST,15.488125,59.878750000000004,2021
2021-08-23T00:00:00Z,HI,15.370000000000001,59.66458333333333,2021
2021-08-23T00:00:00Z,NH,15.147291666666666,59.26479166666667,2021
2021-08-23T00:00:00Z,ST,15.353333333333333,59.63666666666666,2021
2021-08-24T00:00:00Z,HI,15.296666666666667,59.5325,2021
2021-08-24T00:00:00Z,NH,15.207083333333333,59.371249999999996,2021
2021-08-24T00:00:00Z,ST,15.315,59.567708333333336,2021
2021-08-25T00:00:00Z,HI,15.273958333333335,59.493541666666665,2021
2021-08-25T00:00:00Z,NH,15.72,60.295,2021
2021-08-25T00:00:00Z,ST,15.313333333333333,59.564791666666665,2021
2021-08-26T00:00:00Z,HI,15.287708333333335,59.518125,2021
2021-08-26T00:00:00Z,NH,15.9975,60.79416666666667,2021
2021-08-26T00:00:00Z,ST,15.521666666666667,59.939791666666665,2021
2021-08-27T00:00:00Z,HI,15.414791666666666,59.74875,2021
2021-08-27T00:00:00Z,NH,16.02625,60.847500000000004,2021
2021-08-27T00:00:00Z,ST,15.510416666666666,59.91833333333334,2021
2021-08-28T00:00:00Z,HI,15.405416666666667,59.72895833333334,2021
2021-08-28T00:00:00Z,NH,15.990625,60.78125,2021
2021-08-28T00:00:00Z,ST,15.566458333333333,60.01875,2021
2021-08-29T00:00:00Z,HI,15.548333333333334,59.987500000000004,2021
2021-08-29T00:00:00Z,NH,15.548333333333334,59.985625,2021
2021-08-29T00:00:00Z,ST,15.659166666666666,60.185625,2021
2021-08-30T00:00:00Z,HI,15.651041666666666,60.175625000000004,2021
2021-08-30T00:00:00Z,NH,15.41375,59.74583333333333,2021
2021-08-30T00:00:00Z,ST,15.609375,60.09625,2021
2021-08-31T00:00:00Z,HI,15.784583333333334,60.41020833333334,2021
2021-08-31T00:00:00Z,NH,15.701875,60.262708333333336,2021
2021-08-31T00:00:00Z,ST,15.519583333333333,59.935625,2021
2021-09-01T00:00:00Z,HI,15.675208333333334,60.214166666666664,2021
2021-09-01T00:00:00Z,NH,15.818333333333333,60.47291666666667,2021
2021-09-01T00:00:00Z,ST,15.522291666666666,59.94,2021
2021-09-02T00:00:00Z,HI,15.581666666666667,60.05083333333334,2021
2021-09-02T00:00:00Z,NH,16.07,60.92458333333333,2021
2021-09-02T00:00:00Z,ST,15.435416666666667,59.784166666666664,2021
2021-09-03T00:00:00Z,HI,15.418958333333334,59.75083333333333,2021
2021-09-03T00:00:00Z,NH,15.420416666666666,59.756875,2021
2021-09-03T00:00:00Z,ST,15.123958333333333,59.2225,2021
2021-09-04T00:00:00Z,HI,15.419166666666667,59.75541666666667,2021
2021-09-04T00:00:00Z,NH,15.278125,59.501875,2021
2021-09-04T00:00:00Z,ST,15.078958333333333,59.14395833333333,2021
2021-09-05T00:00:00Z,HI,15.334791666666668,59.600833333333334,2021
2021-09-05T00:00:00Z,NH,15.26,59.470416666666665,2021
2021-09-05T00:00:00Z,ST,15.247083333333332,59.44520833333333,2021
2021-09-06T00:00:00Z,HI,15.458333333333334,59.825625,2021
2021-09-06T00:00:00Z,NH,15.162083333333333,59.292500000000004,2021
2021-09-06T00:00:00Z,ST,15.207291666666666,59.374375,2021
2021-09-07T00:00:00Z,HI,15.392708333333333,59.70791666666667,2021
2021-09-07T00:00:00Z,NH,15.565,60.016875,2021
2021-09-07T00:00:00Z,ST,15.047291666666666,59.086875,2021
2021-09-08T00:00:00Z,HI,15.329375,59.593333333333334,2021
2021-09-08T00:00:00Z,NH,15.800416666666667,60.43958333333333,2021
2021-09-08T00:00:00Z,ST,15.1775,59.32,2021
2021-09-09T00:00:00Z,HI,15.2925,59.52645833333333,2021
2021-09-09T00:00:00Z,NH,15.759583333333333,60.365,2021
2021-09-09T00:00:00Z,ST,15.3825,59.690416666666664,2021
2021-09-10T00:00:00Z,HI,15.29875,59.535833333333336,2021
2021-09-10T00:00:00Z,NH,15.775,60.392916666666665,2021
2021-09-10T00:00:00Z,ST,15.238541666666666,59.432291666666664,2021
2021-09-11T00:00:00Z,HI,15.204791666666667,59.368125,2021
2021-09-11T00:00:00Z,NH,15.698125,60.254375,2021
2021-09-11T00:00:00Z,ST,15.233125,59.42,2021
2021-09-12T00:00:00Z,HI,15.255625,59.458333333333336,2021
2021-09-12T00:00:00Z,NH,15.781666666666666,60.40479166666667,2021
2021-09-12T00:00:00Z,ST,15.365,59.656875,2021
2021-09-13T00:00:00Z,HI,15.259583333333333,59.46854166666667,2021
2021-09-13T00:00:00Z,NH,15.857708333333333,60.543125,2021
2021-09-13T00:00:00Z,ST,15.28625,59.51625,2021
2021-09-14T00:00:00Z,HI,15.071458333333332,59.12854166666666,2021
2021-09-14T00:00:00Z,NH,15.849583333333333,60.52645833333333,2021
2021-09-14T00:00:00Z,ST,15.274166666666666,59.49229166666667,2021
2021-09-15T00:00:00Z,HI,15.227916666666667,59.409166666666664,2021
2021-09-15T00:00:00Z,NH,15.70625,60.26916666666666,2021
2021-09-15T00:00:00Z,ST,15.435625,59.78395833333333,2021
2021-09-16T00:00:00Z,HI,15.283095238095239,59.506904761904764,2021
2021-09-16T00:00:00Z,NH,15.773125,60.390208333333334,2021
2021-09-16T00:00:00Z,ST,15.286666666666667,59.51645833333333,2021
2021-09-17T00:00:00Z,NH,15.732291666666667,60.31520833333333,2021
2021-09-17T00:00:00Z,ST,15.383125,59.689375,2021
2021-09-18T00:00:00Z,NH,15.657708333333334,60.18125,2021
2021-09-18T00:00:00Z,ST,15.461041666666667,59.82895833333333,2021
2021-09-19T00:00:00Z,NH,15.663333333333334,60.193958333333335,2021
2021-09-19T00:00:00Z,ST,15.303333333333333,59.5475,2021
2021-09-20T00:00:00Z,NH,15.451875,59.81625,2021
2021-09-20T00:00:00Z,ST,15.157916666666667,59.283125,2021
2021-09-21T00:00:00Z,NH,15.389791666666667,59.7025,2021
2021-09-21T00:00:00Z,ST,15.196250000000001,59.3525,2021
2021-09-22T00:00:00Z,NH,15.64875,60.16770833333333,2021
2021-09-22T00:00:00Z,ST,15.243958333333333,59.439791666666665,2021
2021-09-23T00:00:00Z,NH,15.848541666666666,60.526666666666664,2021
2021-09-23T00:00:00Z,ST,15.435208333333334,59.783125,2021
2021-09-24T00:00:00Z,NH,15.887916666666667,60.59625,2021
2021-09-24T00:00:00Z,ST,15.740833333333333,60.333958333333335,2021
2021-09-25T00:00:00Z,NH,15.881041666666667,60.583958333333335,2021
2021-09-25T00:00:00Z,ST,15.795416666666666,60.429375,2021
2021-09-26T00:00:00Z,NH,15.899583333333334,60.618125,2021
2021-09-26T00:00:00Z,ST,15.720625,60.29479166666667,2021
2021-09-27T00:00:00Z,NH,15.763958333333333,60.374375,2021
2021-09-27T00:00:00Z,ST,15.571041666666666,60.026041666666664,2021
2021-09-28T00:00:00Z,NH,15.796041666666667,60.430416666666666,2021
2021-09-28T00:00:00Z,ST,15.485416666666666,59.87354166666667,2021
2021-09-29T00:00:00Z,NH,15.662708333333333,60.18895833333333,2021
2021-09-29T00:00:00Z,ST,15.231041666666666,59.41645833333333,2021
2021-09-30T00:00:00Z,NH,15.269583333333333,59.48645833333333,2021
2021-09-30T00:00:00Z,ST,15.300208333333334,59.541875,2021
2021-10-01T00:00:00Z,NH,14.96625,58.939791666666665,2021
2021-10-01T00:00:00Z,ST,14.943958333333333,58.899375,2021
2021-10-02T00:00:00Z,NH,14.846875,58.723125,2021
2021-10-02T00:00:00Z,ST,14.647916666666667,58.36625,2021
2021-10-03T00:00:00Z,NH,14.710208333333334,58.4775,2021
2021-10-03T00:00:00Z,ST,14.744166666666667,58.540416666666665,2021
2021-10-04T00:00:00Z,NH,14.670625,58.407291666666666,2021
2021-10-04T00:00:00Z,ST,14.652291666666667,58.375625,2021
2021-10-05T00:00:00Z,NH,14.745,58.54125,2021
2021-10-05T00:00:00Z,ST,14.586458333333333,58.256458333333335,2021
2021-10-06T00:00:00Z,NH,14.79375,58.627291666666665,2021
2021-10-06T00:00:00Z,ST,14.5175,58.13041666666667,2021
2021-10-07T00:00:00Z,NH,14.849375,58.72833333333333,2021
2021-10-07T00:00:00Z,ST,14.510625000000001,58.118541666666665,2021
2021-10-08T00:00:00Z,NH,14.908958333333333,58.83625,2021
2021-10-08T00:00:00Z,ST,14.531666666666666,58.155833333333334,2021
2021-10-09T00:00:00Z,NH,14.661666666666667,58.39041666666667,2021
2021-10-09T00:00:00Z,ST,14.455416666666666,58.019999999999996,2021
2021-10-14T00:00:00Z,HI,14.37,57.865,2021
2021-10-15T00:00:00Z,HI,14.281041666666667,57.705416666666665,2021
2021-10-16T00:00:00Z,HI,14.292083333333332,57.7275,2021
2021-10-17T00:00:00Z,HI,14.333541666666667,57.800625000000004,2021
2021-10-18T00:00:00Z,HI,14.219791666666666,57.594375,2021
2021-10-19T00:00:00Z,HI,13.834583333333333,56.903125,2021
2021-10-20T00:00:00Z,HI,13.641458333333333,56.553333333333335,2021
2021-10-21T00:00:00Z,HI,13.556875,56.40270833333334,2021
2021-10-22T00:00:00Z,HI,13.661458333333334,56.58895833333333,2021
2021-10-23T00:00:00Z,HI,13.515,56.32729166666667,2021
2021-10-24T00:00:00Z,HI,13.231041666666666,55.817708333333336,2021
2021-10-25T00:00:00Z,HI,13.032708333333334,55.46,2021
2021-10-26T00:00:00Z,HI,12.907708333333334,55.232708333333335,2021
2021-10-27T00:00:00Z,HI,12.81125,55.06125,2021
2021-10-28T00:00:00Z,HI,12.566875,54.618541666666665,2021
2021-10-29T00:00:00Z,HI,12.46625,54.44166666666666,2021
2021-10-30T00:00:00Z,HI,12.473958333333334,54.456875,2021
2021-10-31T00:00:00Z,HI,12.565208333333333,54.618541666666665,2021
2021-11-01T00:00:00Z,HI,12.579791666666667,54.64416666666666,2021
2021-11-02T00:00:00Z,HI,12.417916666666667,54.35458333333333,2021
2021-11-03T00:00:00Z,HI,12.328541666666666,54.192499999999995,2021
2021-11-04T00:00:00Z,HI,12.132916666666667,53.840625,2021
2021-11-05T00:00:00Z,HI,12.004166666666666,53.609791666666666,2021
2021-11-06T00:00:00Z,HI,11.877708333333334,53.38104166666667,2021
2021-11-07T00:00:00Z,HI,11.7724,53.1906,2021
2021-11-08T00:00:00Z,HI,11.824166666666667,53.28520833333333,2021
2021-11-09T00:00:00Z,HI,11.914375,53.44833333333333,2021
2021-11-10T00:00:00Z,HI,11.865625,53.360416666666666,2021
2021-11-11T00:00:00Z,HI,11.758333333333333,53.166041666666665,2021
2021-11-12T00:00:00Z,HI,11.685833333333333,53.033541666666665,2021
2021-11-13T00:00:00Z,HI,11.713541666666666,53.084375,2021
2021-11-14T00:00:00Z,HI,11.552708333333333,52.79479166666667,2021
2021-11-15T00:00:00Z,HI,11.455,52.62083333333333,2021
2021-11-16T00:00:00Z,HI,11.02,51.836875,2021
2021-11-17T00:00:00Z,HI,10.76625,51.37854166666667,2021
2021-11-18T00:00:00Z,HI,10.989583333333334,51.78145833333333,2021
2021-11-19T00:00:00Z,HI,10.764583333333334,51.37520833333333,2021
2021-11-20T00:00:00Z,HI,10.495833333333334,50.892916666666665,2021
2021-11-21T00:00:00Z,HI,10.466382978723404,50.83723404255319,2021
2021-11-22T00:00:00Z,HI,10.597708333333333,51.07666666666667,2021
2021-11-23T00:00:00Z,HI,10.18625,50.33354166666667,2021
2021-11-24T00:00:00Z,HI,9.6875,49.43729166666667,2021
2021-11-25T00:00:00Z,HI,9.529583333333333,49.15208333333333,2021
2021-11-26T00:00:00Z,HI,9.828125,49.690416666666664,2021
2021-11-27T00:00:00Z,HI,9.389791666666667,48.901041666666664,2021
2021-11-28T00:00:00Z,HI,8.912708333333333,48.044583333333335,2021
2021-11-29T00:00:00Z,HI,8.976458333333333,48.15875,2021
2021-11-30T00:00:00Z,HI,8.936875,48.08583333333333,2021
2021-12-01T00:00:00Z,HI,9.069375,48.32416666666667,2021
2021-12-02T00:00:00Z,HI,9.239583333333334,48.63104166666667,2021
2021-12-03T00:00:00Z,HI,8.8377083333333335,47.908125,2021
2021-12-04T00:00:00Z,HI,8.33625,47.00479166666667,2021
2021-12-05T00:00:00Z,HI,8.383125,47.08895833333333,2021
2021-12-06T00:00:00Z,HI,8.85125,47.933125,2021
2021-12-07T00:00:00Z,HI,8.65375,47.576875,2021
2021-12-08T00:00:00Z,HI,8.523958333333333,47.342708333333334,2021
2021-12-09T00:00:00Z,HI,8.390416666666667,47.102916666666665,2021
2021-12-10T00:00:00Z,HI,8.237083333333333,46.82625,2021
2021-12-11T00:00:00Z,HI,8.290416666666667,46.9225,2021
2021-12-12T00:00:00Z,HI,8.2675,46.88104166666667,2021
2021-12-13T00:00:00Z,HI,7.833333333333333,46.09770833333333,2021
2021-12-14T00:00:00Z,HI,7.780625,46.00354166666667,2021
2021-12-15T00:00:00Z,HI,7.9035416666666665,46.225833333333334,2021
2021-12-16T00:00:00Z,HI,8.282083333333333,46.90833333333333,2021
2021-12-17T00:00:00Z,HI,8.281875,46.90604166666667,2021
2021-12-18T00:00:00Z,HI,7.990208333333333,46.381875,2021
2021-12-19T00:00:00Z,HI,7.829791666666667,46.09291666666667,2021
2021-12-20T00:00:00Z,HI,7.596666666666667,45.67270833333333,2021
2021-12-21T00:00:00Z,HI,7.178125,44.918125,2021
2021-12-22T00:00:00Z,HI,7.2525,45.053333333333335,2021
2021-12-23T00:00:00Z,HI,6.886666666666667,44.395,2021
2021-12-24T00:00:00Z,HI,6.644583333333333,43.96083333333333,2021
2021-12-25T00:00:00Z,HI,6.672083333333333,44.01145833333334,2021
2021-12-26T00:00:00Z,HI,6.851666666666667,44.33166666666667,2021
2021-12-27T00:00:00Z,HI,6.758125000000001,44.165416666666665,2021
2021-12-28T00:00:00Z,HI,6.800425531914894,44.23893617021277,2021
2021-12-29T00:00:00Z,HI,6.825208333333333,44.284375,2021
2021-12-30T00:00:00Z,HI,6.9539583333333335,44.517916666666665,2021
2021-12-31T00:00:00Z,HI,7.005,44.60958333333333,2021
2022-01-01T00:00:00Z,HI,7.079791666666667,44.74166666666667,2022
2022-01-02T00:00:00Z,HI,7.103541666666667,44.78479166666666,2022
2022-01-03T00:00:00Z,HI,6.784791666666667,44.211666666666666,2022
2022-01-04T00:00:00Z,HI,6.536041666666667,43.76479166666667,2022
2022-01-05T00:00:00Z,HI,6.5164583333333335,43.7275,2022
2022-01-06T00:00:00Z,HI,6.283333333333333,43.31,2022
2022-01-07T00:00:00Z,HI,6.030625,42.85729166666667,2022
2022-01-08T00:00:00Z,HI,5.614583333333334,42.10916666666667,2022
2022-01-09T00:00:00Z,HI,5.732083333333334,42.32,2022
2022-01-10T00:00:00Z,HI,5.560208333333334,42.011250000000004,2022
2022-01-11T00:00:00Z,HI,4.898541666666667,40.817083333333336,2022
2022-01-12T00:00:00Z,HI,4.776041666666666,40.59833333333333,2022
2022-01-13T00:00:00Z,HI,4.752916666666667,40.55520833333333,2022
2022-01-14T00:00:00Z,HI,4.814166666666667,40.66645833333333,2022
2022-01-15T00:00:00Z,HI,4.069583333333333,39.32458333333334,2022
2022-01-16T00:00:00Z,HI,3.54375,38.377916666666664,2022
2022-01-17T00:00:00Z,HI,4.11375,39.403125,2022
2022-01-18T00:00:00Z,HI,3.7841666666666667,38.81104166666667,2022
2022-01-19T00:00:00Z,HI,3.5035416666666666,38.30458333333333,2022
2022-01-20T00:00:00Z,HI,3.5472916666666667,38.383125,2022
2022-01-21T00:00:00Z,HI,3.438125,38.18666666666667,2022
2022-01-22T00:00:00Z,HI,3.453125,38.214166666666664,2022
2022-01-23T00:00:00Z,HI,3.2752083333333335,37.89604166666667,2022
2022-01-24T00:00:00Z,HI,3.4675,38.24,2022
2022-01-25T00:00:00Z,HI,3.5439583333333333,38.37875,2022
2022-01-26T00:00:00Z,HI,3.252291666666667,37.85208333333333,2022
2022-01-27T00:00:00Z,HI,3.071458333333333,37.529375,2022
2022-01-28T00:00:00Z,HI,2.955208333333333,37.31854166666667,2022
2022-01-29T00:00:00Z,HI,2.691875,36.84625,2022
2022-01-30T00:00:00Z,HI,1.9347916666666667,35.48375,2022
2022-01-31T00:00:00Z,HI,2.000208333333333,35.60145833333333,2022
2022-02-01T00:00:00Z,HI,2.4454166666666666,36.40270833333334,2022
2022-02-02T00:00:00Z,HI,2.8266666666666667,37.086875,2022
2022-02-03T00:00:00Z,HI,2.9297916666666666,37.27229166666667,2022
2022-02-04T00:00:00Z,HI,2.657659574468085,36.78446808510638,2022
2022-02-05T00:00:00Z,HI,2.30625,36.151875,2022
2022-02-06T00:00:00Z,HI,2.196041666666667,35.954166666666666,2022
2022-02-07T00:00:00Z,HI,2.56125,36.610416666666666,2022
2022-02-08T00:00:00Z,HI,2.9310416666666668,37.27645833333333,2022
2022-02-09T00:00:00Z,HI,2.881875,37.1875,2022
2022-02-10T00:00:00Z,HI,3.1616666666666666,37.689791666666665,2022
2022-02-11T00:00:00Z,HI,3.3977083333333336,38.11291666666666,2022
2022-02-12T00:00:00Z,HI,3.4562500000000003,38.21875,2022
2022-02-13T00:00:00Z,HI,3.0108333333333333,37.41791666666666,2022
2022-02-14T00:00:00Z,HI,2.845416666666667,37.12229166666667,2022
2022-02-15T00:00:00Z,HI,2.4491666666666667,36.40979166666666,2022
2022-02-16T00:00:00Z,HI,2.4729166666666664,36.45104166666667,2022
2022-02-17T00:00:00Z,HI,2.606666666666667,36.69020833333333,2022
2022-02-18T00:00:00Z,HI,2.7475,36.94541666666667,2022
2022-02-19T00:00:00Z,HI,2.5322916666666666,36.558125,2022
2022-02-20T00:00:00Z,HI,2.2933333333333334,36.12895833333333,2022
2022-02-21T00:00:00Z,HI,2.4135416666666667,36.34729166666666,2022
2022-02-22T00:00:00Z,HI,2.5839583333333334,36.65270833333334,2022
2022-02-23T00:00:00Z,HI,3.077916666666667,37.5425,2022
2022-02-24T00:00:00Z,HI,2.8152083333333335,37.0675,2022
2022-02-25T00:00:00Z,HI,2.690625,36.843333333333334,2022
2022-02-26T00:00:00Z,HI,2.515,36.52708333333333,2022
2022-02-27T00:00:00Z,HI,2.33875,36.211875,2022
2022-02-28T00:00:00Z,HI,1.8539583333333334,35.33833333333333,2022
2022-03-01T00:00:00Z,HI,2.0722916666666666,35.73166666666667,2022
2022-03-02T00:00:00Z,HI,2.383125,36.291875,2022
2022-03-03T00:00:00Z,HI,2.3095833333333333,36.158541666666665,2022
2022-03-04T00:00:00Z,HI,2.148125,35.867916666666666,2022
2022-03-05T00:00:00Z,HI,2.1402083333333333,35.85270833333333,2022
2022-03-06T00:00:00Z,HI,2.3754166666666667,36.27583333333333,2022
2022-03-07T00:00:00Z,HI,2.4768749999999997,36.45979166666667,2022
2022-03-08T00:00:00Z,HI,2.5572916666666665,36.602916666666665,2022
2022-03-09T00:00:00Z,HI,2.5439583333333333,36.579375,2022
2022-03-10T00:00:00Z,HI,2.794791666666667,37.030625,2022
2022-03-11T00:00:00Z,HI,2.9347916666666665,37.285624999999996,2022
2022-03-12T00:00:00Z,HI,2.916875,37.248125,2022
2022-03-13T00:00:00Z,HI,2.789111111111111,37.022,2022
2022-03-14T00:00:00Z,HI,2.71,36.877291666666665,2022
2022-03-15T00:00:00Z,HI,2.9545833333333333,37.318958333333335,2022
2022-03-16T00:00:00Z,HI,3.2227083333333333,37.80166666666667,2022
2022-03-17T00:00:00Z,HI,3.2981249999999998,37.93479166666667,2022
2022-03-18T00:00:00Z,HI,3.484166666666667,38.27354166666667,2022
2022-03-19T00:00:00Z,HI,3.609375,38.4975,2022
2022-03-20T00:00:00Z,HI,3.7016666666666667,38.66395833333333,2022
2022-03-21T00:00:00Z,HI,3.788333333333333,38.81666666666667,2022
2022-03-22T00:00:00Z,HI,3.723333333333333,38.70104166666667,2022
2022-03-23T00:00:00Z,HI,3.765625,38.776875,2022
2022-03-24T00:00:00Z,HI,3.8272916666666665,38.885,2022
2022-03-25T00:00:00Z,HI,3.794583333333333,38.82895833333333,2022
2022-03-26T00:00:00Z,HI,4.01875,39.23291666666667,2022
2022-03-27T00:00:00Z,HI,4.242708333333334,39.63729166666667,2022
2022-03-28T00:00:00Z,HI,4.214791666666667,39.58875,2022
2022-03-29T00:00:00Z,HI,3.8502083333333332,38.93,2022
2022-03-30T00:00:00Z,HI,3.813125,38.863125,2022
2022-03-31T00:00:00Z,HI,3.8518749999999997,38.931666666666665,2022
2022-04-01T00:00:00Z,HI,4.017083333333334,39.23020833333333,2022
2022-04-02T00:00:00Z,HI,4.042083333333333,39.276041666666664,2022
2022-04-03T00:00:00Z,HI,4.0625,39.31395833333333,2022
2022-04-04T00:00:00Z,HI,4.190625,39.54145833333333,2022
2022-04-05T00:00:00Z,HI,4.301041666666666,39.74041666666667,2022
2022-04-06T00:00:00Z,HI,4.485625,40.07375,2022
2022-04-07T00:00:00Z,HI,4.6433333333333335,40.357083333333335,2022
2022-04-08T00:00:00Z,HI,4.599375,40.27979166666667,2022
2022-04-09T00:00:00Z,HI,4.6554166666666665,40.380833333333335,2022
2022-04-10T00:00:00Z,HI,4.882708333333333,40.78958333333333,2022
2022-04-11T00:00:00Z,HI,4.937291666666667,40.88791666666667,2022
2022-04-12T00:00:00Z,HI,5.101666666666667,41.184375,2022
2022-04-13T00:00:00Z,HI,5.093125,41.168958333333336,2022
2022-04-14T00:00:00Z,HI,5.144375,41.26291666666667,2022
2022-04-15T00:00:00Z,HI,5.2629166666666665,41.475833333333334,2022
2022-04-16T00:00:00Z,HI,5.647916666666667,42.16833333333334,2022
2022-04-17T00:00:00Z,HI,5.383125000000001,41.691874999999996,2022
2022-04-18T00:00:00Z,HI,5.24625,41.444375,2022
2022-04-19T00:00:00Z,HI,5.3475,41.62625,2022
2022-04-20T00:00:00Z,HI,5.458297872340426,41.82595744680851,2022
2022-04-21T00:00:00Z,HI,5.438125,41.790625,2022
2022-04-22T00:00:00Z,HI,5.711666666666667,42.28208333333333,2022
2022-04-23T00:00:00Z,HI,5.777291666666667,42.40020833333333,2022
2022-04-24T00:00:00Z,HI,5.947291666666667,42.70645833333334,2022
2022-04-25T00:00:00Z,HI,6.097083333333333,42.974583333333335,2022
2022-04-26T00:00:00Z,HI,6.20625,43.1725,2022
2022-04-27T00:00:00Z,HI,6.241874999999999,43.236666666666665,2022
2022-04-28T00:00:00Z,HI,6.053125,42.895,2022
2022-04-29T00:00:00Z,HI,5.955,42.72083333333333,2022
2022-04-30T00:00:00Z,HI,6.03625,42.866458333333334,2022
2022-05-01T00:00:00Z,HI,6.20125,43.163125,2022
2022-05-02T00:00:00Z,HI,6.43,43.57333333333333,2022
2022-05-03T00:00:00Z,HI,6.6866666666666665,44.0325,2022
2022-05-04T00:00:00Z,HI,6.839583333333334,44.30729166666667,2022
2022-05-05T00:00:00Z,HI,7.0575,44.70291666666667,2022
2022-05-06T00:00:00Z,HI,7.224583333333333,45.002916666666664,2022
2022-05-07T00:00:00Z,HI,7.3620833333333335,45.250416666666666,2022
2022-05-08T00:00:00Z,HI,7.418125,45.351875,2022
2022-05-09T00:00:00Z,HI,7.513958333333333,45.523125,2022
2022-05-10T00:00:00Z,HI,7.670208333333333,45.80375,2022
2022-05-11T00:00:00Z,HI,7.916041666666667,46.24729166666667,2022
2022-05-12T00:00:00Z,HI,8.448541666666667,47.207708333333336,2022
2022-05-13T00:00:00Z,HI,8.573958333333334,47.432916666666664,2022
2022-05-14T00:00:00Z,HI,8.328958333333333,46.991875,2022
2022-05-15T00:00:00Z,HI,8.194791666666667,46.750625,2022
2022-05-16T00:00:00Z,HI,8.227708333333332,46.808125000000004,2022
2022-05-17T00:00:00Z,HI,8.785625,47.814166666666665,2022
2022-05-18T00:00:00Z,HI,8.9939583333333335,48.188541666666666,2022
2022-05-19T00:00:00Z,HI,8.333541666666667,46.99979166666667,2022
2022-05-20T00:00:00Z,HI,8.4314583333333335,47.17666666666666,2022
2022-05-21T00:00:00Z,HI,8.617291666666667,47.51145833333334,2022
2022-05-22T00:00:00Z,HI,8.793750000000001,47.828541666666666,2022
2022-05-23T00:00:00Z,HI,9.117291666666667,48.4125,2022
2022-05-24T00:00:00Z,HI,9.215,48.587291666666665,2022
2022-05-25T00:00:00Z,HI,9.734,49.51866666666667,2022
2022-06-16T00:00:00Z,HI,11.653793103448276,52.975402298850575,2022
2022-06-17T00:00:00Z,HI,11.741805555555555,53.13576388888889,2022
2022-06-18T00:00:00Z,HI,11.621666666666666,52.918194444444445,2022
2022-06-19T00:00:00Z,HI,10.940555555555555,51.6925,2022
2022-06-20T00:00:00Z,HI,10.726597222222223,51.308055555555555,2022
2022-06-20T00:00:00Z,ST,12.70425925925926,54.8687037037037,2022
2022-06-21T00:00:00Z,HI,11.069236111111111,51.92458333333333,2022
2022-06-21T00:00:00Z,ST,12.643541666666666,54.759375,2022
2022-06-22T00:00:00Z,HI,11.405902777777778,52.530138888888885,2022
2022-06-22T00:00:00Z,ST,13.005729166666667,55.410625,2022
2022-06-23T00:00:00Z,HI,11.78923611111111,53.22090277777778,2022
2022-06-23T00:00:00Z,ST,13.38625,56.094479166666666,2022
2022-06-24T00:00:00Z,HI,12.176458333333333,53.917569444444446,2022
2022-06-25T00:00:00Z,HI,12.327013888888889,54.18972222222222,2022
2022-06-26T00:00:00Z,HI,12.454791666666667,54.41965277777778,2022
2022-06-27T00:00:00Z,HI,12.458333333333334,54.42590277777778,2022
2022-06-28T00:00:00Z,HI,12.789652777777778,55.02180555555555,2022
2022-06-28T00:00:00Z,NH,12.965357142857142,55.3375,2022
2022-06-29T00:00:00Z,HI,12.683472222222223,54.83090277777778,2022
2022-06-29T00:00:00Z,NH,13.666770833333333,56.599583333333335,2022
2022-06-29T00:00:00Z,ST,12.164166666666667,53.896458333333335,2022
2022-06-30T00:00:00Z,HI,12.901527777777778,55.22354166666667,2022
2022-06-30T00:00:00Z,NH,13.487708333333334,56.27708333333333,2022
2022-06-30T00:00:00Z,ST,12.068541666666667,53.72354166666667,2022
2022-07-01T00:00:00Z,HI,13.059097222222222,55.50534722222222,2022
2022-07-01T00:00:00Z,NH,13.446145833333333,56.201875,2022
2022-07-01T00:00:00Z,ST,12.173541666666667,53.913645833333334,2022
2022-07-02T00:00:00Z,HI,13.494166666666667,56.28868055555556,2022
2022-07-02T00:00:00Z,NH,13.002083333333333,55.403125,2022
2022-07-02T00:00:00Z,ST,12.3440625,54.21927083333333,2022
2022-07-03T00:00:00Z,HI,13.432361111111112,56.17729166666667,2022
2022-07-03T00:00:00Z,NH,13.393645833333334,56.108958333333334,2022
2022-07-03T00:00:00Z,ST,12.089479166666667,53.76177083333333,2022
2022-07-04T00:00:00Z,HI,13.277083333333334,55.89819444444444,2022
2022-07-04T00:00:00Z,NH,13.250625,55.8509375,2022
2022-07-04T00:00:00Z,ST,12.193854166666666,53.949375,2022
2022-07-05T00:00:00Z,HI,13.34173611111111,56.01354166666667,2022
2022-07-05T00:00:00Z,NH,13.32875,55.9921875,2022
2022-07-05T00:00:00Z,ST,12.299791666666668,54.13979166666667,2022
2022-07-06T00:00:00Z,HI,13.692708333333334,56.64680555555555,2022
2022-07-06T00:00:00Z,NH,12.935833333333333,55.28364583333333,2022
2022-07-06T00:00:00Z,ST,12.539791666666666,54.571666666666665,2022
2022-07-07T00:00:00Z,HI,13.565,56.41625,2022
2022-07-07T00:00:00Z,NH,13.127395833333333,55.62833333333334,2022
2022-07-07T00:00:00Z,ST,12.758125,54.9653125,2022
2022-07-08T00:00:00Z,HI,13.706111111111111,56.66916666666667,2022
2022-07-08T00:00:00Z,NH,13.138229166666667,55.648020833333334,2022
2022-07-08T00:00:00Z,ST,12.797604166666666,55.0359375,2022
2022-07-09T00:00:00Z,HI,13.788333333333334,56.81888888888889,2022
2022-07-09T00:00:00Z,NH,13.9315625,57.076458333333335,2022
2022-07-09T00:00:00Z,ST,12.629375,54.732395833333335,2022
2022-07-10T00:00:00Z,HI,13.786666666666667,56.81451388888889,2022
2022-07-10T00:00:00Z,NH,14.078645833333333,57.341458333333335,2022
2022-07-10T00:00:00Z,ST,12.7634375,54.973958333333336,2022
2022-07-11T00:00:00Z,HI,13.829305555555555,56.89194444444445,2022
2022-07-11T00:00:00Z,NH,14.082395833333333,57.348333333333336,2022
2022-07-11T00:00:00Z,ST,12.8709375,55.167291666666664,2022
2022-07-12T00:00:00Z,HI,13.557569444444445,56.403958333333335,2022
2022-07-12T00:00:00Z,NH,14.425729166666667,57.965,2022
2022-07-12T00:00:00Z,ST,13.108541666666666,55.59489583333333,2022
2022-07-13T00:00:00Z,HI,13.599583333333333,56.479305555555555,2022
2022-07-13T00:00:00Z,NH,14.708541666666667,58.47510416666667,2022
2022-07-13T00:00:00Z,ST,13.306979166666666,55.951458333333335,2022
2022-07-14T00:00:00Z,HI,13.27173611111111,55.888125,2022
2022-07-14T00:00:00Z,NH,14.8175,58.67239583333333,2022
2022-07-15T00:00:00Z,HI,13.368680555555555,56.06298611111111,2022
2022-07-15T00:00:00Z,NH,14.574166666666667,58.23385416666667,2022
2022-07-15T00:00:00Z,ST,13.280416666666667,55.90375,2022
2022-07-16T00:00:00Z,HI,13.375416666666666,56.07534722222222,2022
2022-07-16T00:00:00Z,NH,14.500520833333333,58.1003125,2022
2022-07-16T00:00:00Z,ST,13.317604166666667,55.9715625,2022
2022-07-17T00:00:00Z,HI,13.519166666666667,56.33513888888889,2022
2022-07-17T00:00:00Z,NH,14.626875,58.328854166666666,2022
2022-07-17T00:00:00Z,ST,13.428645833333333,56.16947916666667,2022
2022-07-18T00:00:00Z,HI,13.489791666666667,56.28,2022
2022-07-18T00:00:00Z,NH,15.017395833333333,59.032291666666666,2022
2022-07-18T00:00:00Z,ST,13.5065625,56.31125,2022
2022-07-19T00:00:00Z,HI,13.74451388888889,56.73979166666667,2022
2022-07-19T00:00:00Z,NH,14.951666666666666,58.91375,2022
2022-07-19T00:00:00Z,ST,13.641041666666666,56.55260416666667,2022
2022-07-20T00:00:00Z,HI,13.897291666666666,57.01409722222222,2022
2022-07-20T00:00:00Z,NH,15.337916666666667,59.606458333333336,2022
2022-07-20T00:00:00Z,ST,13.556770833333333,56.40177083333333,2022
2022-07-21T00:00:00Z,HI,14.004722222222222,57.207569444444445,2022
2022-07-21T00:00:00Z,NH,15.328020833333333,59.58875,2022
2022-07-21T00:00:00Z,ST,13.679479166666667,56.62114583333334,2022
2022-07-22T00:00:00Z,HI,14.512083333333333,58.12145833333334,2022
2022-07-22T00:00:00Z,NH,15.257083333333334,59.4621875,2022
2022-07-22T00:00:00Z,ST,13.78125,56.80479166666667,2022
2022-07-23T00:00:00Z,HI,14.803263888888889,58.645625,2022
2022-07-23T00:00:00Z,NH,15.437708333333333,59.78697916666667,2022
2022-07-23T00:00:00Z,ST,13.697083333333333,56.655520833333334,2022
2022-07-24T00:00:00Z,HI,14.935277777777777,58.88305555555556,2022
2022-07-24T00:00:00Z,NH,15.326770833333333,59.586354166666666,2022
2022-07-24T00:00:00Z,ST,13.893052631578948,57.00821052631579,2022
2022-07-25T00:00:00Z,HI,14.958125,58.922291666666666,2022
2022-07-25T00:00:00Z,NH,15.066666666666666,59.119791666666664,2022
2022-07-26T00:00:00Z,HI,14.835138888888888,58.703402777777775,2022
2022-07-26T00:00:00Z,NH,16.157395833333332,61.084375,2022
2022-07-27T00:00:00Z,HI,14.797622377622378,58.6358041958042,2022
2022-07-27T00:00:00Z,NH,15.771458333333333,60.389583333333334,2022
2022-07-27T00:00:00Z,ST,13.741770833333334,56.73583333333333,2022
2022-07-28T00:00:00Z,HI,15.02111111111111,59.037013888888886,2022
2022-07-28T00:00:00Z,NH,15.575625,60.0353125,2022
2022-07-28T00:00:00Z,ST,13.762291666666666,56.772083333333335,2022
2022-07-29T00:00:00Z,HI,15.392777777777777,59.70659722222222,2022
2022-07-29T00:00:00Z,NH,15.375208333333333,59.674166666666665,2022
2022-07-29T00:00:00Z,ST,14.205729166666666,57.570625,2022
2022-07-30T00:00:00Z,HI,15.286805555555555,59.516736111111115,2022
2022-07-30T00:00:00Z,NH,15.8296875,60.492916666666666,2022
2022-07-30T00:00:00Z,ST,13.9184375,57.052395833333335,2022
2022-07-31T00:00:00Z,HI,14.92138888888889,58.85805555555556,2022
2022-07-31T00:00:00Z,NH,15.3134375,59.56333333333333,2022
2022-07-31T00:00:00Z,ST,13.7703125,56.785,2022
2022-08-01T00:00:00Z,HI,14.954166666666667,58.916805555555555,2022
2022-08-01T00:00:00Z,NH,14.807395833333333,58.6540625,2022
2022-08-01T00:00:00Z,ST,13.871354166666666,56.96729166666667,2022
2022-08-02T00:00:00Z,HI,15.022280701754386,59.039385964912285,2022
2022-08-02T00:00:00Z,NH,14.720430107526882,58.49677419354839,2022
2022-08-03T00:00:00Z,HI,15.2128125,59.38270833333333,2022
2022-08-03T00:00:00Z,NH,15.02,59.034375,2022
2022-08-03T00:00:00Z,ST,13.992395833333333,57.1865625,2022
2022-08-04T00:00:00Z,HI,15.5803125,60.04375,2022
2022-08-04T00:00:00Z,NH,14.7415625,58.53375,2022
2022-08-04T00:00:00Z,ST,14.177708333333333,57.52,2022
2022-08-05T00:00:00Z,HI,15.549479166666666,59.98885416666667,2022
2022-08-05T00:00:00Z,NH,15.2259375,59.4075,2022
2022-08-05T00:00:00Z,ST,14.186354166666666,57.53604166666667,2022
2022-08-06T00:00:00Z,HI,15.621666666666666,60.11875,2022
2022-08-06T00:00:00Z,NH,14.933125,58.8803125,2022
2022-08-06T00:00:00Z,ST,14.291666666666666,57.72447916666667,2022
2022-08-07T00:00:00Z,HI,15.755833333333333,60.3603125,2022
2022-08-07T00:00:00Z,NH,14.820520833333333,58.677083333333336,2022
2022-08-07T00:00:00Z,ST,14.4459375,58.0021875,2022
2022-08-08T00:00:00Z,HI,15.735416666666667,60.3246875,2022
2022-08-08T00:00:00Z,NH,14.776041666666666,58.596666666666664,2022
2022-08-08T00:00:00Z,ST,14.433229166666667,57.97989583333333,2022
2022-08-09T00:00:00Z,HI,15.340416666666666,59.6125,2022
2022-08-09T00:00:00Z,NH,15.230208333333334,59.415,2022
2022-08-09T00:00:00Z,ST,15.0178125,59.031666666666666,2022
2022-08-10T00:00:00Z,HI,15.356770833333334,59.643229166666664,2022
2022-08-10T00:00:00Z,NH,15.182291666666666,59.327395833333334,2022
2022-08-10T00:00:00Z,ST,14.808020833333334,58.65260416666667,2022
2022-08-11T00:00:00Z,HI,15.342916666666667,59.61708333333333,2022
2022-08-11T00:00:00Z,NH,15.217708333333333,59.391875,2022
2022-08-11T00:00:00Z,ST,14.926145833333333,58.866875,2022
2022-08-12T00:00:00Z,HI,15.2790625,59.5028125,2022
2022-08-12T00:00:00Z,NH,15.313541666666667,59.56489583333333,2022
2022-08-12T00:00:00Z,ST,14.85625,58.739583333333336,2022
2022-08-13T00:00:00Z,HI,15.013958333333333,59.024479166666666,2022
2022-08-13T00:00:00Z,NH,15.1315625,59.236979166666664,2022
2022-08-13T00:00:00Z,ST,14.847708333333333,58.7246875,2022
2022-08-14T00:00:00Z,HI,14.844687500000001,58.719791666666666,2022
2022-08-14T00:00:00Z,NH,14.921770833333333,58.8590625,2022
2022-08-14T00:00:00Z,ST,14.8153125,58.66625,2022
2022-08-15T00:00:00Z,HI,14.859166666666667,58.745,2022
2022-08-15T00:00:00Z,NH,15.137604166666666,59.24635416666666,2022
2022-08-15T00:00:00Z,ST,14.790833333333333,58.62197916666667,2022
2022-08-16T00:00:00Z,HI,15.0346875,59.06229166666667,2022
2022-08-16T00:00:00Z,NH,15.250208333333333,59.45104166666667,2022
2022-08-16T00:00:00Z,ST,14.943958333333333,58.898125,2022
2022-08-17T00:00:00Z,HI,15.0346875,59.060520833333335,2022
2022-08-17T00:00:00Z,NH,15.03,59.051875,2022
2022-08-17T00:00:00Z,ST,15.025416666666667,59.04604166666667,2022
2022-08-18T00:00:00Z,HI,14.740104166666667,58.5290625,2022
2022-08-18T00:00:00Z,NH,14.819479166666666,58.67604166666667,2022
2022-08-18T00:00:00Z,ST,15.14375,59.25927083333333,2022
2022-08-19T00:00:00Z,HI,14.793645833333333,58.62708333333333,2022
2022-08-19T00:00:00Z,NH,14.771979166666666,58.58802083333333,2022
2022-08-19T00:00:00Z,ST,14.900520833333333,58.81875,2022
2022-08-20T00:00:00Z,HI,14.9203125,58.85510416666666,2022
2022-08-20T00:00:00Z,NH,15.018229166666666,59.03239583333333,2022
2022-08-20T00:00:00Z,ST,14.882708333333333,58.7875,2022
2022-08-21T00:00:00Z,HI,15.2040625,59.366145833333334,2022
2022-08-21T00:00:00Z,NH,15.067604166666667,59.1215625,2022
2022-08-21T00:00:00Z,ST,14.9815625,58.96572916666667,2022
2022-08-22T00:00:00Z,HI,15.618958333333333,60.1140625,2022
2022-08-22T00:00:00Z,NH,15.090520833333333,59.16322916666667,2022
2022-08-22T00:00:00Z,ST,15.044895833333333,59.08125,2022
2022-08-23T00:00:00Z,HI,16.047291666666666,60.88458333333333,2022
2022-08-23T00:00:00Z,NH,15.2971875,59.5340625,2022
2022-08-23T00:00:00Z,ST,15.649764705882353,60.16917647058823,2022
2022-08-24T00:00:00Z,HI,15.970833333333333,60.7475,2022
2022-08-24T00:00:00Z,NH,15.021979166666666,59.0390625,2022
2022-08-24T00:00:00Z,ST,15.786666666666667,60.415729166666665,2022
2022-08-25T00:00:00Z,HI,16.078695652173913,60.94144927536232,2022
2022-08-25T00:00:00Z,NH,15.164583333333333,59.295208333333335,2022
2022-08-25T00:00:00Z,ST,15.886458333333334,60.595,2022
2022-08-26T00:00:00Z,HI,16.123958333333334,61.02375,2022
2022-08-26T00:00:00Z,NH,15.228020833333334,59.41020833333333,2022
2022-08-26T00:00:00Z,ST,16.130208333333332,61.034166666666664,2022
2022-08-27T00:00:00Z,HI,16.183125,61.12895833333333,2022
2022-08-27T00:00:00Z,NH,15.143229166666666,59.2571875,2022
2022-08-27T00:00:00Z,ST,16.150833333333335,61.0715625,2022
2022-08-28T00:00:00Z,HI,15.992291666666667,60.78375,2022
2022-08-28T00:00:00Z,NH,15.377083333333333,59.679375,2022
2022-08-28T00:00:00Z,ST,16.2396875,61.2325,2022
2022-08-29T00:00:00Z,HI,16.25,61.25020833333333,2022
2022-08-29T00:00:00Z,NH,15.2215625,59.399375,2022
2022-08-29T00:00:00Z,ST,16.227916666666665,61.21270833333333,2022
2022-08-30T00:00:00Z,HI,16.317222222222224,61.370555555555555,2022
2022-08-30T00:00:00Z,NH,15.377916666666666,59.68114583333333,2022
2022-08-30T00:00:00Z,ST,15.991458333333334,60.784479166666664,2022
2022-08-31T00:00:00Z,HI,16.168020833333333,61.1009375,2022
2022-08-31T00:00:00Z,NH,16.301979166666666,61.343125,2022
2022-08-31T00:00:00Z,ST,16.125416666666666,61.02770833333334,2022
2022-09-01T00:00:00Z,HI,15.979791666666666,60.761875,2022
2022-09-01T00:00:00Z,NH,16.387916666666666,61.5,2022
2022-09-01T00:00:00Z,ST,16.090520833333333,60.962291666666665,2022
2022-09-02T00:00:00Z,HI,15.573020833333333,60.029583333333335,2022
2022-09-02T00:00:00Z,NH,16.3428125,61.4171875,2022
2022-09-02T00:00:00Z,ST,15.885937499999999,60.59385416666667,2022
2022-09-03T00:00:00Z,HI,15.550208333333334,59.99041666666667,2022
2022-09-03T00:00:00Z,NH,16.168541666666666,61.10145833333333,2022
2022-09-03T00:00:00Z,ST,16.035,60.8628125,2022
2022-09-04T00:00:00Z,HI,15.763125,60.37291666666667,2022
2022-09-04T00:00:00Z,NH,16.039583333333333,60.868854166666665,2022
2022-09-04T00:00:00Z,ST,16.024895833333332,60.845,2022
2022-09-05T00:00:00Z,HI,15.825625,60.48427083333333,2022
2022-09-05T00:00:00Z,NH,16.186458333333334,61.1353125,2022
2022-09-05T00:00:00Z,ST,16.046979166666667,60.884479166666665,2022
2022-09-06T00:00:00Z,HI,15.759479166666667,60.36666666666667,2022
2022-09-06T00:00:00Z,NH,15.5746875,60.03604166666667,2022
2022-09-06T00:00:00Z,ST,16.268333333333334,61.28333333333333,2022
2022-09-07T00:00:00Z,HI,16.308229166666667,61.35427083333333,2022
2022-09-07T00:00:00Z,NH,15.353333333333333,59.6359375,2022
2022-09-07T00:00:00Z,ST,16.129375,61.033541666666665,2022
2022-09-08T00:00:00Z,HI,15.465,59.835967741935484,2022
2022-09-08T00:00:00Z,NH,15.480729166666666,59.86541666666667,2022
2022-09-08T00:00:00Z,ST,16.0540625,60.896875,2022
2022-09-09T00:00:00Z,HI,15.814583333333333,60.46541666666666,2022
2022-09-09T00:00:00Z,NH,15.564375,60.01614583333333,2022
2022-09-09T00:00:00Z,ST,16.095208333333332,60.9703125,2022
2022-09-10T00:00:00Z,HI,15.788958333333333,60.4225,2022
2022-09-10T00:00:00Z,NH,15.7065625,60.272395833333334,2022
2022-09-10T00:00:00Z,ST,16.255208333333332,61.26125,2022
2022-09-11T00:00:00Z,HI,15.764166666666666,60.37708333333333,2022
2022-09-11T00:00:00Z,NH,15.784375,60.4115625,2022
2022-09-11T00:00:00Z,ST,16.302083333333332,61.345729166666665,2022
2022-09-12T00:00:00Z,HI,15.707708333333333,60.274791666666665,2022
2022-09-12T00:00:00Z,NH,15.834375,60.5025,2022
2022-09-12T00:00:00Z,ST,16.242395833333333,61.238958333333336,2022
2022-09-13T00:00:00Z,HI,15.644375,60.16583333333333,2022
2022-09-13T00:00:00Z,NH,15.942708333333334,60.69354166666667,2022
2022-09-13T00:00:00Z,ST,16.62515625,61.92609375,2022
2022-09-14T00:00:00Z,HI,15.680833333333334,60.224583333333335,2022
2022-09-14T00:00:00Z,NH,15.839583333333334,60.50864583333333,2022
2022-09-14T00:00:00Z,ST,16.934375,62.48520833333333,2022
2022-09-15T00:00:00Z,HI,15.466041666666667,59.841875,2022
2022-09-15T00:00:00Z,NH,15.986458333333333,60.77333333333333,2022
2022-09-15T00:00:00Z,ST,16.679791666666667,62.019999999999996,2022
2022-09-16T00:00:00Z,HI,14.990208333333333,58.981458333333336,2022
2022-09-16T00:00:00Z,NH,15.739479166666667,60.33177083333333,2022
2022-09-16T00:00:00Z,ST,16.336875,61.405833333333334,2022
2022-09-17T00:00:00Z,HI,14.71625,58.491875,2022
2022-09-17T00:00:00Z,NH,15.348125,59.62854166666666,2022
2022-09-17T00:00:00Z,ST,16.105416666666667,60.98520833333333,2022
2022-09-18T00:00:00Z,HI,14.857083333333334,58.7425,2022
2022-09-18T00:00:00Z,NH,15.147395833333333,59.26510416666667,2022
2022-09-18T00:00:00Z,ST,15.981666666666667,60.76375,2022
2022-09-19T00:00:00Z,HI,14.924791666666668,58.8625,2022
2022-09-19T00:00:00Z,NH,15.157708333333334,59.28364583333333,2022
2022-09-19T00:00:00Z,ST,16.070833333333333,60.924166666666665,2022
2022-09-20T00:00:00Z,HI,14.999375,58.99458333333333,2022
2022-09-20T00:00:00Z,NH,14.908229166666667,58.83208333333334,2022
2022-09-20T00:00:00Z,ST,16.130416666666665,61.0325,2022
2022-09-21T00:00:00Z,HI,14.951458333333333,58.913333333333334,2022
2022-09-21T00:00:00Z,NH,14.674166666666666,58.4140625,2022
2022-09-21T00:00:00Z,ST,15.882708333333333,60.58604166666667,2022
2022-09-22T00:00:00Z,HI,14.706875,58.47520833333333,2022
2022-09-22T00:00:00Z,NH,14.6346875,58.342395833333335,2022
2022-09-22T00:00:00Z,ST,15.950833333333334,60.70645833333334,2022
2022-09-23T00:00:00Z,HI,14.504999999999999,58.108333333333334,2022
2022-09-23T00:00:00Z,NH,14.585625,58.25447916666666,2022
2022-09-23T00:00:00Z,ST,15.670208333333333,60.212291666666665,2022
2022-09-24T00:00:00Z,HI,14.134791666666667,57.444583333333334,2022
2022-09-24T00:00:00Z,NH,14.316458333333333,57.76916666666666,2022
2022-09-24T00:00:00Z,ST,15.499791666666667,59.89958333333333,2022
2022-09-25T00:00:00Z,HI,13.987291666666666,57.17916666666667,2022
2022-09-25T00:00:00Z,NH,14.278958333333334,57.70125,2022
2022-09-25T00:00:00Z,ST,15.432083333333335,59.77916666666667,2022
2022-09-26T00:00:00Z,HI,14.081875,57.34916666666667,2022
2022-09-26T00:00:00Z,NH,14.4140625,57.94614583333333,2022
2022-09-26T00:00:00Z,ST,15.513333333333334,59.925625000000004,2022
2022-09-27T00:00:00Z,HI,14.224375,57.606458333333336,2022
2022-09-27T00:00:00Z,NH,14.55859375,58.202968750000004,2022
2022-09-27T00:00:00Z,ST,15.61875,60.1175,2022
2022-09-28T00:00:00Z,HI,14.277291666666667,57.69875,2022
2022-09-28T00:00:00Z,NH,14.700625,58.46083333333333,2022
2022-09-28T00:00:00Z,ST,15.60125,60.084375,2022
2022-09-29T00:00:00Z,HI,14.264583333333334,57.674375,2022
2022-09-29T00:00:00Z,NH,14.675833333333333,58.41416666666667,2022
2022-09-29T00:00:00Z,ST,15.530000000000001,59.953125,2022
2022-09-30T00:00:00Z,HI,14.079166666666666,57.344375,2022
2022-09-30T00:00:00Z,NH,14.470416666666667,58.044583333333335,2022
2022-09-30T00:00:00Z,ST,15.449791666666668,59.81104166666667,2022
2022-10-01T00:00:00Z,HI,14.027291666666667,57.24875,2022
2022-10-01T00:00:00Z,NH,14.346458333333333,57.821666666666665,2022
2022-10-01T00:00:00Z,ST,15.396875000000001,59.711875,2022
2022-10-02T00:00:00Z,HI,13.775416666666667,56.79770833333333,2022
2022-10-02T00:00:00Z,NH,14.123125,57.419583333333335,2022
2022-10-02T00:00:00Z,ST,15.258541666666666,59.4675,2022
2022-10-03T00:00:00Z,HI,13.639583333333334,56.55104166666666,2022
2022-10-03T00:00:00Z,NH,13.891041666666666,57.005625,2022
2022-10-03T00:00:00Z,ST,15.097708333333333,59.17270833333333,2022
2022-10-04T00:00:00Z,HI,13.643076923076924,56.55705128205128,2022
2022-10-04T00:00:00Z,NH,13.969583333333333,57.14541666666667,2022
2022-10-04T00:00:00Z,ST,15.067708333333334,59.11770833333333,2022
2022-10-05T00:00:00Z,HI,13.572986111111112,56.43048611111111,2022
2022-10-05T00:00:00Z,NH,13.990833333333333,57.18333333333333,2022
2022-10-05T00:00:00Z,ST,15.0075,59.00416666666667,2022
2022-10-06T00:00:00Z,HI,13.673055555555555,56.611041666666665,2022
2022-10-06T00:00:00Z,NH,14.041875,57.274791666666665,2022
2022-10-07T00:00:00Z,HI,13.693680555555556,56.64972222222222,2022
2022-10-07T00:00:00Z,NH,14.085208333333334,57.353125,2022
2022-10-08T00:00:00Z,HI,13.659027777777778,56.585625,2022
2022-10-08T00:00:00Z,NH,14.095416666666667,57.372708333333335,2022
2022-10-09T00:00:00Z,HI,13.444236111111111,56.198680555555555,2022
2022-10-09T00:00:00Z,NH,13.905625,57.028958333333335,2022
2022-10-10T00:00:00Z,HI,13.276458333333332,55.89527777777778,2022
2022-10-10T00:00:00Z,NH,13.690833333333334,56.644375,2022
2022-10-11T00:00:00Z,HI,13.209930555555555,55.77673611111111,2022
2022-10-11T00:00:00Z,NH,13.584791666666666,56.450833333333335,2022
2022-10-12T00:00:00Z,HI,13.249652777777778,55.84847222222222,2022
2022-10-12T00:00:00Z,NH,13.59,56.47,2022
2022-10-13T00:00:00Z,HI,13.303541666666666,55.944652777777776,2022
2022-10-14T00:00:00Z,HI,13.367083333333333,56.05972222222222,2022
2022-10-15T00:00:00Z,HI,13.523541666666667,56.340625,2022
2022-10-16T00:00:00Z,HI,13.556041666666667,56.40006944444445,2022
2022-10-17T00:00:00Z,HI,13.514652777777778,56.324375,2022
2022-10-18T00:00:00Z,HI,13.503402777777778,56.30430555555556,2022
2022-10-19T00:00:00Z,HI,13.609861111111112,56.495625,2022
2022-10-20T00:00:00Z,HI,13.379305555555556,56.08097222222222,2022
2022-10-21T00:00:00Z,HI,13.298333333333334,55.935694444444444,2022
2022-10-22T00:00:00Z,HI,13.287083333333333,55.91451388888889,2022
2022-10-23T00:00:00Z,HI,13.26763888888889,55.880763888888886,2022
2022-10-24T00:00:00Z,HI,13.228333333333333,55.80784722222222,2022
2022-10-25T00:00:00Z,HI,13.392013888888888,56.10333333333333,2022
2022-10-26T00:00:00Z,HI,13.500454545454545,56.29878787878788,2022
